mo,inflow,precip,evap,outlow,demand,storage,% full,% redu
1,72938.86525211185,4015.6208404498175,-4.03300927800592,17851.23966942149,5207.391575656634,185418.47785676154,1.6143155658209583,1.0
2,35764.51239965211,3219.4159362844075,479.5154544492543,55537.19008264461,4420.4567189823565,163965.24393662185,1.4275365033737213,1.0
3,102729.59965166794,4977.947729669017,5123.6033574961475,49586.77685950412,4474.280351054627,212488.13074990397,1.8499930588728009,1.0
4,102391.93562255245,10284.039747897186,2.5468663506908342,83305.78512396694,6801.368857750807,235054.4052722852,1.7872333125855835,1.0
5,81874.5977017462,2317.600097566232,306.7951592562895,105123.96694214875,4858.98311384988,208956.85785634269,1.5888009281147455,1.0
6,49799.65143505857,2387.8958290171577,4733.405459272733,83305.78512396694,6005.484226694337,167099.73031048442,1.2705407677384954,1.0
7,42917.289152762765,7805.725799373613,-2.498276529920986,35702.479338842975,6514.461867704358,175608.3023326034,1.3352355916574485,1.0
8,68915.19367589246,1808.1266915740562,1008.3748318629805,47603.305785123965,4614.90044387742,193105.04163920556,1.4682718362415956,1.0
9,62302.65471146318,4918.064180284971,1823.4012851941516,59504.13223140493,4922.631368114622,194075.59564624,1.689687341947266,1.0
10,69725.80273771605,5784.814703064534,1015.5325352397922,61487.603305785095,5367.177194549899,201715.90005144573,1.756206399117297,1.0
11,475.2706029152803,2436.1633059637097,2.8134664003446233,59504.13223140493,4777.746955509437,140342.64130701,1.2218701880691332,1.0
12,41812.06286998537,4272.7852395383525,4001.878379799018,25785.123966942156,4512.755945786028,152127.73112400653,1.3244751396148606,1.0
1,50521.04604577366,3640.5036287384573,2836.0399078470655,37685.950413223145,4632.47704212344,161134.813435325,1.4028938244507083,1.0
2,34234.66430476084,5635.9109331953805,741.3211112661811,47603.30578512396,5046.127549170013,147614.63422772105,1.2851826017084709,1.0
3,18402.415459940712,5330.949716204632,4536.540600665263,33719.00826446282,4707.646987411945,128384.80355132636,1.1177612349286912,1.0
4,109428.15170655244,5223.691462824092,65.58978987694718,5950.413223140496,6103.78142327257,230916.8622844129,1.755773554783494,1.0
5,70536.60043113102,4281.017001251312,12403.806681731163,103140.49586776858,11430.82302762633,178759.35413966922,1.3591945757605006,1.0
6,3472.5583083264014,6317.851199139666,4991.0080520485935,47603.305785123965,4723.334323048794,131232.11548691394,0.9978217945228424,1.0
7,113962.68690249545,2716.072109624394,3806.7737521245435,6148.760330578512,5704.508582094438,232250.83183423628,1.7659163760365457,1.0
8,72369.31572824644,2522.3675164234883,1266.8377822878538,103140.49586776858,4844.237414538593,197890.94401431116,1.5046613867614544,1.0
9,46865.397340077136,1635.4940912918828,5614.717375678709,59504.13223140493,7351.713349382187,173921.27248921435,1.5142170330166405,1.0
10,112037.18631345622,5145.609999024746,176.41890696212067,59504.13223140493,5677.784543985737,225745.73311934253,1.9654181994404136,1.0
11,117553.89242762965,1978.437842833111,-3.3160023741074838,61487.603305785095,4817.004447686464,278976.7716387078,2.4288655055552324,1.0
12,69336.37675750497,1145.264572772081,7051.222375624871,89256.1983471075,7745.133305545057,245405.85894070737,2.13658586032449,1.0
1,89792.39883508955,1982.6121347383887,1364.637680647109,73388.42975206609,4719.5641030408015,257708.2383747813,2.2436945090774114,1.0
2,18585.359072725176,2588.3891360936104,6258.5526619385055,73388.42975206609,6227.593094563566,193007.4110750319,1.6803873681776447,1.0
3,26599.913627521248,2639.8886125363933,2588.807416439173,61487.603305785095,4653.081802864005,153517.72079000127,1.3365768566609848,1.0
4,47434.676119076175,3326.502650128008,4272.181498621154,23801.652892561982,5475.848281279037,170729.2168867433,1.2981375247920717,1.0
5,52060.87397217833,1745.0309806484147,697.3095076018944,41652.89256198347,4990.166566286616,177194.75320369806,1.3472981515669995,1.0
6,3154.4964622630587,4196.518728378578,-3.3820384952123277,47603.305785123965,5659.259109143371,131286.58553856757,0.9982359568983181,1.0
7,48206.23811123503,1543.3697476520028,3793.674207400065,6148.760330578512,7180.795412329681,163912.96344714632,1.2463102246393176,1.0
8,69668.70193763397,1723.475834516139,3.1944025391421746,35702.479338842975,5192.123708235453,194407.34376967888,1.4781738746566464,1.0
9,42110.2896403516,2617.0019872173725,2659.157522489928,59504.13223140493,4594.421630206546,172376.92401314646,1.5007714163079637,1.0
10,134853.5000046772,2495.1247448060312,933.1304859533266,57520.66115702477,5086.485668476748,246185.2714511748,2.1433716875105766,1.0
11,91913.56057013919,6966.357617078407,5712.320988709893,71404.95867768592,4823.227248715033,263124.68272328156,2.2908518934128694,1.0
12,71570.18619379296,7003.72157192952,3267.2756172889494,81322.31404958678,5372.092820863479,251736.90800126485,2.1917061005754612,1.0
1,51603.17424194926,6346.163551863283,5853.763542678527,75371.90082644626,4850.187214072976,223610.39421187964,1.9468272214728164,1.0
2,103171.27576791073,3339.144004428992,6247.979840733809,55537.19008264461,6132.376004326606,262203.2680565143,2.2828297477436164,1.0
3,76626.08689390554,4399.798653142876,1243.854705667647,81322.31404958678,5489.39902117353,255173.58582713478,2.2216269723954714,1.0
4,164507.26323644602,4749.774991501094,3045.9861168416683,126942.14876033056,5080.593918333112,289361.8952595765,2.2001596524078955,1.0
5,114658.3885321128,4754.949874554586,663.8435328058549,160661.15702479339,5805.835872730644,241644.39723591402,1.8373402363568072,1.0
6,108671.77841572845,6677.784775620414,-26.566379781230353,113057.85123966941,6248.046499967782,237714.62906740696,1.8074602918675373,1.0
7,35492.04057785258,5975.902293277351,1662.9497203037608,111074.38016528924,5932.9492867319395,160512.292766212,1.2204532664637904,1.0
8,51641.138757111265,3185.7399697193177,11060.553162641881,29752.066115702477,12671.290477666544,161855.2617370317,1.2306645147049682,1.0
9,97005.61020842752,4137.733427377825,1393.0372706711642,47603.30578512396,5415.8658995836895,208586.39641745822,1.8160232488551014,1.0
10,46887.58633291684,1981.308083980024,4541.399897128082,61487.603305785095,6640.849247347591,184785.4383840943,1.608804111480926,1.0
11,49244.033054586354,6053.610602791072,121.2939582412946,59504.13223140493,6094.7830683296115,174362.87278349587,1.518061753549189,1.0
12,108357.8894324803,3402.926768000063,2528.77925382994,59504.13223140493,5092.240280387945,218998.5372183534,1.9066748449780582,1.0
1,65976.61794409354,2122.794235719455,5280.392114536167,61487.603305785095,7046.259630172226,213283.69434767292,1.8569195028514374,1.0
2,104222.48326411041,6205.449598989566,4505.818243078102,55537.19008264461,4785.83370865878,258882.7851763914,2.253920508160896,1.0
3,51530.65905666361,6034.074965526845,3456.2113510415365,79338.8429752066,5532.015506320524,228120.4493660131,1.9860932769500548,1.0
4,49911.307608113966,1324.97382072435,1513.9545281478786,97190.08264462808,4962.784815421313,175689.90880665416,1.3358560854906836,1.0
5,110385.38207812457,3462.183814420685,2073.152460501442,47603.305785123965,5419.6876794599775,234441.32877411408,1.7825717928858125,1.0
6,60167.862024371476,4224.182892223122,7312.043319056509,105123.96694214875,7411.613893614075,178985.74953588934,1.3609159704030385,1.0
7,40596.17729000461,4869.867871580791,3886.9412056706205,47603.305785123965,5286.388510469563,167675.15919621062,1.2749160342747792,1.0
8,50762.29126229387,7030.869745492702,4663.282282417786,41652.89256198347,5719.30330055773,173432.84205903823,1.3186945059176671,1.0
9,84957.5946878616,3986.557515103137,2851.411652118928,59504.13223140493,5150.867163237609,194870.58321524152,1.6966087708259172,1.0
10,47743.3608268103,2449.234259736084,4062.260552093794,61487.603305785095,6227.607185843852,173285.70725806517,1.5086835885746506,1.0
11,20064.18176967501,2438.047544116387,2394.2491712464835,59504.13223140493,4885.843750984997,129003.71141822019,1.12314965476087,1.0
12,68444.88329715021,2198.7813797052077,4021.683007498068,15867.768595041325,6693.385817097026,173064.53867543917,1.5067580205852535,1.0
1,22400.289148279746,4129.5415625241585,1421.8777701168146,59504.13223140493,5683.699945578261,132984.65943914306,1.1578091257649652,1.0
2,90000.17726918029,2983.422042982129,1471.5943447092432,19834.710743801657,4985.590036799868,199676.36362599468,1.7384495097461743,1.0
3,19939.327178218362,5682.130216664227,-1.9317264450364746,61487.603305785095,6673.128397439408,157139.0210440978,1.3681051133712763,1.0
4,100974.28589641573,4640.470805354504,3540.737964135449,29752.066115702477,5326.407943046465,224134.56572298368,1.704204445341025,1.0
5,114734.98228166993,2196.5971275852353,5462.149343093624,95206.61157024793,8368.77546915408,232028.60874974323,1.7642267055154959,1.0
6,19526.896344717094,2235.015324425098,-8.73553914562217,103140.49586776858,5548.280386627904,145110.47970363454,1.1033457681049845,1.0
7,43839.95944047349,2438.9258880018606,4326.551251606317,17851.239669421488,7344.31407809963,161867.26003298248,1.230755743602349,1.0
8,115290.9556557707,3741.5365442745097,2339.269914600125,35702.479338842975,5593.168390915328,237264.8345886693,1.8040402850172688,1.0
9,38136.43923560186,5667.683331499313,3945.917497919494,67438.01652892558,5383.524650981868,204301.49847794353,1.7787174877375047,1.0
10,80542.57171306702,1931.543218956649,2967.231208807032,61487.603305785095,5975.109788096939,216345.66910727808,1.8835780838823961,1.0
11,66846.8835292026,2158.2165635409765,5544.74131971263,59504.13223140493,7637.516882622215,212664.37876628188,1.8515275333198606,1.0
12,115331.09236919403,8817.680497648777,5654.354701788747,61487.603305785095,5856.396796364028,263814.7968291868,2.296860258686022,1.0
1,4384.2556418842905,7620.786754711531,4512.2882214544225,81322.31404958678,5793.58238242507,184191.65457231633,1.6036344301138608,1.0
2,17236.47578088334,397.6850277709891,2854.7626727600873,55537.19008264461,6659.1800246245,136774.68260094145,1.1908063407978682,1.0
3,101013.62857921336,3406.7473289291083,7816.1377600987325,23801.65289256199,10566.56253347375,199010.70532294945,1.7326540649094737,1.0
4,23825.017916386354,7266.520474124787,2977.585921068967,71404.95867768595,6483.553548942954,149236.1455657627,1.1347152183258862,1.0
5,20677.99806799205,5500.976777131262,4748.112698898563,17851.239669421488,5539.373084964809,147276.39495760115,1.1198142784043013,1.0
6,66028.89928161945,1713.3414923873788,4358.402805610938,17851.239669421488,8108.2253388841655,184700.7679176914,1.4043700431831836,1.0
7,151971.61240325877,5041.210826650931,2836.0134729271813,53553.71900826446,6004.318715676677,279319.53995073284,2.123802725916791,1.0
8,48745.01990355956,3354.5136111135944,5663.210824363632,150743.80165289255,7224.134038705644,167787.9269494442,1.2757734625154071,1.0
9,53578.423713385186,324.4635680990468,2426.0102279883577,53553.719008264445,7167.953400152112,158543.1315945235,1.3803297715816443,1.0
10,28143.844833145413,5499.535920092807,3545.346387839236,45619.834710743795,5861.148557428438,137160.18269175023,1.194162634110225,1.0
11,46789.8992124334,2320.856734721485,3185.5981314670644,23801.65289256199,6008.587012023898,153275.10060285218,1.3344645237952188,1.0
12,66143.46733072269,5173.9020650951425,2054.6273500320676,39669.42148760331,6134.350952229741,176734.0702088049,1.5387061950177894,1.0
1,48331.61902342008,5736.619121106545,-0.6154707501118537,61487.603305785095,6736.589572716485,162578.73094558003,1.4154650554278434,1.0
2,76032.4530190221,2431.932637859514,1301.2621533111087,49586.77685950412,5138.5096685007375,185016.56792114567,1.6108164028862693,1.0
3,48743.27714298707,5761.979443834978,5230.744999540766,61487.603305785095,5549.088375365655,167254.3878272762,1.4561728951847361,1.0
4,2829.0819112849636,5134.788019453612,-23.905497134051984,41652.89256198347,7127.688201825038,126461.58249134033,0.9615491048933869,1.0
5,71840.49896415866,4791.307491093539,905.1101996637881,6148.760330578512,7059.7751904193865,188979.74322593084,1.4369051799135837,1.0
6,22130.76577949983,1463.8130695581203,976.1169815385074,59504.132231404954,5400.953058966329,146693.11980307903,1.1153793528586264,1.0
7,54507.79723809137,2311.783395128092,2529.0051318024343,17851.239669421488,5705.68864129157,177426.766993783,1.3490622655989775,1.0
8,51361.58892211214,5477.04999827678,2.388148554979125,47603.305785123965,7241.241586756323,179418.47039373667,1.3642061581844565,1.0
9,28871.694551416545,5813.871211020974,3678.312480706809,59504.13223140493,5885.505341126838,145036.08610293563,1.262732895383758,1.0
10,109103.05360879318,3283.811055523198,3349.8314059723634,31735.537190082654,5533.920686542866,216803.66148465412,1.8875655193978393,1.0
11,31790.228449304035,5338.027304861695,229.26088941039052,59504.13223140493,6552.879085597637,187645.6450324069,1.63370603154416,1.0
12,52562.81953446106,1627.9217162914283,879.5956056581927,61487.603305785095,5676.2739699315725,173792.91340178452,1.5130994956749058,1.0
1,77072.13227516631,1878.4864267562225,3138.795648232219,59504.13223140493,6622.87884665617,183477.72537741374,1.5974187226744134,1.0
2,117247.72564212038,5280.3277481838595,1273.8237364343659,55537.19008264461,5984.111040391591,243210.65390824748,2.117473667758622,1.0
3,48402.377459169256,7402.147189049458,2958.0146677829325,71404.95867768592,6762.041827246232,217890.1633837511,1.8970249699783863,1.0
4,97367.11169950658,2811.941526408249,5069.284335019154,89256.19834710743,7832.1819547611685,215911.5519727782,1.641680860270614,1.0
5,20416.49279988455,2123.390072671493,3085.6301816193736,89256.19834710743,6666.869502292461,139442.736814315,1.0602511539571327,1.0
6,111935.67426391064,3855.0129483774363,4603.501275777933,11900.826446280991,6314.826315524042,232414.26998902013,1.7671590760592866,1.0
7,49962.42972186276,3884.755726723408,6284.157564078283,103140.49586776858,8041.0435892873675,168795.75841647206,1.2834364968212635,1.0
8,69785.34375094363,4656.54073527595,1040.8668660839612,41652.89256198347,6861.0962889561,193682.78718566813,1.4726647174796212,1.0
9,74897.0787858791,3382.0377916611615,2713.2469460426946,59504.13223140493,5612.205256014482,204132.31932974624,1.7772445572318503,1.0
10,2869.3520476133303,4145.782087444415,6890.254917164973,61487.603305785095,7902.745576639461,134866.84966521445,1.1741961062585187,1.0
11,19362.825598427917,4605.172691785527,2380.930920248007,21818.181818181823,6142.438417053139,128493.29679994492,1.1187058136031356,1.0
12,19785.65716992129,1605.4983367334644,-4.177239229378756,13884.297520661159,6124.198920339956,129880.13310482792,1.130780076427943,1.0
1,113756.09982695906,5331.0464199976705,3382.4097875402076,15867.768595041325,6244.205024839445,223472.89594436367,1.9456301153586355,1.0
2,86708.45126354165,2904.0863757887273,3808.6216707243875,55537.19008264461,5821.508032467073,247918.113797858,2.158458395187712,1.0
3,48876.90469730396,1966.4029968655086,1743.937672013417,73388.42975206609,5743.270482322455,217885.7835856255,1.8969868379843637,1.0
4,4013.7558759726153,1316.461503598519,1527.9786929823167,89256.19834710743,5747.853911658466,126683.97001344843,0.9632400257138435,1.0
5,91151.70559489008,4857.148126077096,-22.048953810503008,6148.760330578512,7928.942194771925,208637.17016287564,1.5863701866243825,1.0
6,48066.636113600594,2095.993796485098,2713.585236341489,77355.37190082645,6179.917658769359,172550.92527702404,1.3119888623883822,1.0
7,52069.36215695605,2028.3283268892847,5344.203523866716,41652.89256198347,9874.120859409788,169777.3988156094,1.2909003876608578,1.0
8,51542.836595675806,3660.15411090423,9038.086658811022,41652.89256198347,12344.408027585898,161945.00227380905,1.2313468557852472,1.0
9,67573.13993636842,4596.776847440342,2282.1205317762797,47603.30578512396,6302.262496540374,177927.2302441772,1.5490942471681526,1.0
10,113852.13079934804,3912.105785265303,4209.416582784674,61487.603305785095,6043.685153578231,223950.76178664248,1.949790575936684,1.0
11,46496.813710371076,7289.813074589474,-1.3159919214376714,59504.13223140493,7438.565468246691,210796.0068638728,1.8352608597948439,1.0
12,30552.585851685588,5131.097597300366,4118.406282696058,61487.603305785095,6033.569458709693,174840.11126566792,1.5222167521193652,1.0
1,10606.472736379419,1223.7083841359126,4609.12265273917,61487.603305785095,8985.791093698332,111587.77533396066,0.9715206637393701,1.0
2,22192.45565656193,619.2689044841682,1008.361463705296,3332.2314049586776,5735.944684729249,124322.96234161354,1.0823974806441916,1.0
3,48500.213651221646,2086.79316089004,1732.230126136099,9917.355371900827,5975.26349908682,157285.1201566015,1.3693771013316647,1.0
4,45623.15816604708,2598.066561951913,9369.53534674918,29752.066115702477,14853.247346061991,151531.49607608686,1.1521678880231825,1.0
5,136151.28608234992,6255.0712485725235,2639.3724903823168,23801.652892561982,7400.638489804189,260096.1895342608,1.9776382147517002,1.0
6,49797.131005060415,5936.842480651598,3027.653703041229,128925.61983471073,6523.085654513545,177353.80382770734,1.3485074910528416,1.0
7,90302.94471047376,7709.725573924457,812.3863861518039,47603.305785123965,8476.987333340288,218473.79460748954,1.6611628409906884,1.0
8,5283.656482072578,2985.437287167646,281.5547308860405,89256.19834710743,6788.941465347331,130416.19383338894,0.991617944150625,1.0
9,92068.13583675606,4095.3731363894767,-9.335738655136083,15867.768595041325,7246.694282832912,203474.57566731537,1.771518019915529,1.0
10,48315.20158265806,7801.079570916481,2605.127960482787,61487.603305785095,7355.592799540352,188142.5327550817,1.638032103003979,1.0
11,1267.6773523977981,2771.316713967739,1511.1220001280599,59504.13223140493,6111.0612087120335,125055.21138120217,1.0887726868066463,1.0
12,46916.46159001259,3284.4184300710476,18.140395768685266,11900.826446280993,6993.53819588493,156343.58636335118,1.3611797917875499,1.0
1,66428.31495729894,3852.773749810527,-24.8641584495781,41652.89256198347,7094.812055847743,177901.83461107902,1.5488731442538792,1.0
2,43415.18802707863,4834.565823798097,4654.226089906995,55537.19008264461,5435.952152870551,160524.2201365336,1.3975777940419896,1.0
3,5045.599112441596,1788.8699365114153,1001.0545787008014,47603.30578512396,6277.045847087314,112477.28297457454,0.9792650161186888,1.0
4,39857.80647171511,1934.3545386588812,88.99744169344194,5950.413223140496,6781.360345254559,141448.67297486,1.0755032651647194,1.0
5,41543.076486706916,3547.6801196904853,2630.842273171933,11900.826446280991,6409.116873784581,165598.6439880199,1.2591272761365515,1.0
6,105216.36604246359,2450.889459867991,3833.968332836841,35702.479338842975,7559.454332833285,226169.9974858383,1.7196808260021517,1.0
7,91189.1035366494,4394.48856097681,3907.4162458608043,97190.08264462808,6168.960555238943,214487.13013773673,1.6308502861666685,1.0
8,121706.68413843811,1559.1190562025586,5230.772010118002,83305.78512396694,10275.442457512063,238940.93374078049,1.8167844845415426,1.0
9,68543.99609823372,3790.2859225125285,5586.71805101441,67438.01652892558,7513.495747852692,230736.98543373405,2.0088737190692965,1.0
10,164949.22733966805,2786.1844005617604,1000.5759709596459,65454.54545454542,6506.503834273581,325510.7719141852,2.834006146622579,1.0
11,34665.58236650921,10478.34226905217,3503.0610209610895,111074.38016528924,7373.2080142286495,248704.04734926758,2.1653009967472046,1.0
12,52166.67055796273,5915.114537287678,6254.138285219116,73388.42975206609,6320.655710197164,220822.60869703564,1.9225558241298857,1.0
1,20040.868184769708,5342.495998005703,3166.130186927825,61487.603305785095,6598.373468495436,174953.86591860268,1.5232071383475327,1.0
2,787.5176962096873,5196.89470264173,1022.6907762520132,55537.19008264461,6693.210467861526,117685.18699069595,1.0246067782542887,1.0
3,84218.59607900154,4077.075854558396,2410.65751216613,3966.9421487603304,6851.78025171935,192751.47901161006,1.6781591376444733,1.0
4,64347.09225362734,3265.9812733551953,1164.910804796964,65454.54545454545,6722.177491537958,187022.91878771223,1.4220264890895822,1.0
5,4570.976516345196,1891.4182815681852,28.64047089437372,59504.132231404954,6869.119994129991,127083.4208891963,0.9662772455908805,1.0
6,8458.884823794016,5110.50979854152,8262.625310788746,5950.413223140496,10620.601036824362,115819.17594077824,0.8806296960815824,1.0
7,103293.21556525012,3346.6369999909803,881.0459579305316,6148.760330578512,7351.211344065633,208078.01087344464,1.582118625765716,1.0
8,15962.452402545461,2523.348744736373,5926.458428842132,77355.37190082645,10185.210533511048,133096.77115754687,1.0119996812431373,1.0
9,141991.3198305019,2288.4862499322917,740.1740791142511,19834.710743801657,6529.426195612694,250272.26621945243,2.1789544371271288,1.0
10,115873.8626400666,5632.297647023835,-27.69200114926207,75371.90082644626,7636.360235986246,288797.85744525964,2.5143711783125484,1.0
11,68277.6350459055,6416.702478376217,3725.393004452344,93223.14049586785,6592.662819271852,259950.99864994927,2.2632207335640855,1.0
12,17205.624476253666,1995.391922261042,5300.333365166851,79338.8429752066,8844.838576295075,185668.00013179547,1.6164879905828393,1.0
1,94678.2453420194,5858.399267047527,2826.4699739094067,61487.603305785095,7022.025619507409,214868.54584166047,1.8707177524424794,1.0
2,85639.43282232319,4981.728157541598,2736.225038279954,55537.19008264461,6161.181973363082,241055.1097272376,2.098706775890881,1.0
3,51354.529902108196,7334.775925730675,-9.964078474760754,71404.95867768592,8567.735958724987,219781.6849971403,1.9134931926651235,1.0
4,8518.275571682381,3168.8386695391964,3280.449352293974,89256.19834710743,6107.689991657661,132824.4615473028,1.0099291784325153,1.0
5,99630.3944890914,4015.1349640427215,2382.0447384287836,5950.413223140496,7020.384189405243,221117.1488494624,1.6812615528303823,1.0
6,81647.44274621463,2748.5428277979954,76.52578644955065,95206.61157024793,6938.838590435784,203291.15847634178,1.5457218517651519,1.0
7,1323.973757236873,5069.403220400476,327.98204009913024,77355.37190082645,8063.878013094815,123937.30349995873,0.9423557802737904,1.0
8,2768.6745037547516,3319.2882769372227,6197.577932513726,6148.760330578512,10803.774893080707,106875.15312447774,0.8126239273434862,1.0
9,86517.45936755721,3651.477657997777,1957.8494161081035,3570.2479338842977,6800.017853842284,184715.97494619805,1.608199339452013,1.0
10,109904.06446505478,5922.543673814129,3646.841532745457,61487.603305785095,6947.657365346418,228460.48088119001,1.9890537055662567,1.0
11,22586.999742077744,8826.95318699631,336.1117573028605,61487.603305785095,8454.944479612488,189595.77426756363,1.650684511877215,1.0
12,37435.987404084684,4246.299742517847,1082.4565842174634,61487.603305785095,7157.4612443821,161550.54027978147,1.4065132820360209,1.0
1,70451.14630263542,5365.075553638802,3126.815503358026,47603.30578512396,6930.550846987416,179706.0900005863,1.564581597875465,1.0
2,95997.78613383758,4768.3075353230815,11469.56195346883,55537.19008264461,12579.997585219337,200885.4340484142,1.7489760830718024,1.0
3,40042.05489881707,1580.0347221204138,5539.452694631997,61487.603305785095,11594.273347080129,163886.19432185445,1.4268482708681682,1.0
4,123855.86941080632,8258.543038055213,2780.2329724107694,35702.479338842975,8611.007110007342,248906.88734945498,1.8925604916343384,1.0
5,80166.58734992343,4561.121282155102,339.4963595906156,120991.73553719006,7887.283390540796,204416.08069421205,1.554275184171394,1.0
6,46428.53902561562,2651.946043639735,5062.615499810723,77355.37190082645,9128.971682397949,161949.60668043228,1.2313818653350244,1.0
7,9249.822765416428,6459.043070754269,5164.946214469121,35702.479338842975,6852.60464561306,129938.44231767784,0.9879853663096437,1.0
8,38186.26886292512,1184.2310105719953,3378.074011805089,6148.760330578512,9908.582751392287,149873.52509739905,1.1395615258451224,1.0
9,68153.9984367822,3247.0069905925484,3984.9046404683613,35702.47933884298,7054.6086606151,174532.53788484732,1.5195389149262757,1.0
10,70411.25143102072,5697.63358981855,1328.020272006368,61487.603305785095,7801.724717624384,180024.07461027073,1.567350078725047,1.0
11,22686.74909661476,5173.623589304305,6617.895324396261,59504.13223140493,7751.069046798463,134011.35069359018,1.1667478447777846,1.0
12,51655.93395968926,1989.0226469557965,-13.989942555461312,19834.710743801657,7045.763253401815,160789.8232455872,1.3998902239477453,1.0
1,9668.139407257426,5295.668619033822,2624.435294530471,47603.30578512396,7195.4766037821255,118330.41358844191,1.0302243377999325,1.0
2,104862.10638131358,3626.0419177747535,2225.581047362779,3966.9421487603304,6277.347552728207,214348.69113867896,1.8661917227355773,1.0
3,46583.388429991355,6568.839970416768,2158.5100423516415,61487.603305785095,7994.798501268553,195860.00768968178,1.7052230327309632,1.0
4,79859.47335733315,2633.8509448058903,5003.79960851543,65454.54545454545,9533.861166820716,198361.1257619392,1.5082364079628532,1.0
5,24458.419010915593,4343.259600309917,5563.869712411106,71404.95867768595,8198.893176246036,141995.08280682162,1.0796578856785313,1.0
6,6220.75740284731,4307.332553391141,3464.559728842578,11900.826446280991,6550.775453063233,130607.01113487328,0.9930688211824145,1.0
7,8540.038006927825,3599.4266955208295,10828.325708331438,6148.760330578512,18508.52313156319,107260.86666684883,0.8155566955732176,1.0
8,49495.455924945985,3590.69355425144,1097.9040041786502,6148.760330578512,7814.27048997934,145286.0813213098,1.104680952869931,1.0
9,54959.908372724894,3405.117076631752,3325.5062629719905,31735.537190082654,6212.117716908041,162377.94560070374,1.4137169507547325,1.0
10,89494.9816169956,5925.274787060887,3359.5493467157357,47603.30578512396,7313.397174557008,199521.94969836355,1.7371051302116436,1.0
11,61685.052040196126,5936.65889459633,5509.588066432567,59504.13223140493,6334.635829591372,195795.30450572714,1.704659705072234,1.0
12,52479.50599841937,1988.748429149011,-18.84073446810362,61487.603305785095,7013.390429002476,181781.40593297605,1.5826499956553297,1.0
1,15681.99422982035,2510.750358556281,-11.518033294240013,61487.603305785095,7218.754825532634,131279.31042332918,1.142961784263691,1.0
2,36660.64522648584,3093.8421611795493,3304.1015283974702,17851.23966942149,6076.646063488817,143801.8105496868,1.2519868777206151,1.0
3,162551.60346966865,4756.568002264918,1171.9558007440937,29752.066115702488,8122.532071147008,272063.42803402676,2.368675613361603,1.0
4,45268.95402670513,379.14266242680606,1378.83898026729,142809.9173553719,7491.257474897774,166031.5109126217,1.2624185745347614,1.0
5,51167.92533704206,5312.11172157104,1292.0726027652563,35702.479338842975,8448.460095479537,177068.53593414705,1.3463384600925774,1.0
6,94789.79090431324,3406.925230127439,4759.02753555667,47603.305785123965,8169.5369415539435,214733.3818063531,1.6327226577349492,1.0
7,46804.62941689286,5289.758831401821,-24.12892404856393,83305.78512396694,8668.551627483315,174877.56222724615,1.3296794181510474,1.0
8,85185.57766439061,1670.4924845804635,2173.736772708071,47603.305785123965,7239.377282430252,204717.21253595495,1.5565648364687834,1.0
9,50170.09433159279,4207.560295942647,2633.9929420980043,59504.13223140493,6833.727597356009,190123.01439263142,1.6552748415501823,1.0
10,165048.41600547335,6495.90607319487,4038.7918887721025,61487.603305785095,7317.13383833965,288823.8074384028,2.5145971076716296,1.0
11,102914.3730467155,2987.0730278780684,2157.044968639966,93223.14049586785,6512.703503013091,292832.3645454755,2.5494969526559506,1.0
12,141749.28686291102,6997.104340239137,1637.0915611648234,97190.08264462817,7817.600363843577,334933.9811789891,2.9160477725273752,1.0
1,83974.76566469156,2086.5332433860167,3541.780635722389,117024.79338842972,7653.064097332532,292775.64196558204,2.5490031068175316,1.0
2,63569.098914019036,4772.391733001161,5326.784964470076,91239.66942148766,6354.445012988293,258196.23321365623,2.247943156103004,1.0
3,56670.00602616277,1332.9632386795129,3434.4013233518053,79338.8429752066,9170.294355302827,224255.66382463725,1.9524451555216038,1.0
4,20801.078606964424,4332.541643301374,2171.037086815719,95206.61157024793,7252.737100535279,144758.89831730412,1.1006725233087133,1.0
5,115858.2710120751,6743.28280124825,1013.0059290786157,17851.239669421488,9684.67346621442,238811.53306591295,1.8158005880835018,1.0
6,100232.68091121453,3641.1653578814003,1159.898234882392,111074.38016528924,7283.80488840834,223167.29604642888,1.6968498221158612,1.0
7,44928.22847139511,2592.1740133926796,1053.9917700273509,95206.61157024793,7193.774642637128,167233.32054830436,1.2715565194875065,1.0
8,25633.06133748293,3347.594443430542,1054.67668925802,41652.89256198347,7625.3601176029615,145881.0469603734,1.1092047668726788,1.0
9,69082.63335641622,4261.699663577747,2092.148122755694,31735.537190082654,7301.328119461753,178096.36654806728,1.5505668046568735,1.0
10,116084.62300876365,9417.869848904083,1308.708736305358,61487.603305785095,9529.768710237682,231272.7786534069,2.013538514857596,1.0
11,44761.27835597264,1543.6168352872483,3211.9046878656372,63471.07438016526,8197.061663269847,202697.633113366,1.7647536970007542,1.0
12,182256.1703925897,4188.86351834485,4546.391489918664,61487.603305785095,6986.144776499462,316122.5274520973,2.7522689360378343,1.0
1,25127.44357905874,2363.7898020690773,1468.654167507484,107107.43801652895,6815.600182173042,228222.0684670156,1.9869780069857514,1.0
2,41767.39662024588,5764.541277503391,4244.9472823143005,57520.66115702477,6424.233700584623,207564.1642248412,1.8071233519327472,1.0
3,51513.87877772653,6839.577862328326,37.95058256277116,61487.603305785095,9406.00087844406,194986.06609810411,1.6976142036044937,1.0
4,87668.7140701369,5503.104558467661,2959.4175402196415,65454.54545454545,7629.422675647752,212114.49905629584,1.6128100145864994,1.0
5,96056.20765636304,5838.7479585975525,1118.5982971877675,83305.78512396694,8819.211588366363,220765.85966173536,1.6785905297626393,1.0
6,7944.980471017158,3522.2565773029055,-3.6653221821179613,89256.19834710743,7883.531604549944,135097.03208058016,1.027208640851306,1.0
7,8288.184522988076,4187.026555818709,2150.225395782327,5950.413223140496,7746.545803061088,131725.05873740304,1.0015698825344999,1.0
8,114855.37220983692,3198.583202438953,2865.5831209487806,5950.413223140496,6833.24355311718,234129.77425247247,1.7802028918685373,1.0
9,68206.6060022781,7480.712275086931,1348.3741861781164,65454.54545454541,8604.389005686595,234409.78388342742,2.040850336373012,1.0
10,113864.13264811708,3795.2659548956144,13973.519540796522,67438.01652892558,17399.006630635984,253258.6397860821,2.2049548087712685,1.0
11,8100.121885901885,2946.908652892016,2833.5157536172774,75371.90082644626,6495.851615544999,179604.40212926746,1.5636962691022884,1.0
12,107884.27093982018,1610.1283205845393,1105.521262212249,61487.603305785095,6854.996233984752,219650.68058769012,1.9123526242610942,1.0
1,66267.8349612369,4664.90323999009,1181.9181387594726,61487.603305785095,7794.161559968576,220119.735784404,1.9164363763986207,1.0
2,31471.944906589957,2241.650288374105,6793.947979363409,55537.19008264461,10943.195312324086,180558.99760503595,1.5720072980429196,1.0
3,52681.46026979778,5174.409203917894,2841.546075488557,61487.603305785095,7768.005540759953,166317.71215671801,1.4480178820890297,1.0
4,112193.70546731063,1798.17801308661,1000.5991382013017,35702.479338842975,6924.131035173271,236682.38612489772,1.7996116452046644,1.0
5,94650.61262735473,5192.73675608015,2995.9208210188663,111074.38016528924,7721.176338871335,214734.25818315317,1.6327293212552931,1.0
6,22450.743529568943,5642.779992279102,3413.8360272395366,83305.78512396694,7458.775042028535,148649.38551176622,1.1302537953894292,1.0
7,2460.3901580310453,4721.095793633023,-12.939454431761988,17851.239669421488,9280.687119762706,128711.88412867786,0.9786592460326549,1.0
8,44221.967046542755,1655.6688450504735,4578.770056966634,6148.760330578512,12277.459977427918,151584.52965529804,1.1525711281979076,1.0
9,50176.66917656654,1627.438829594641,3645.511005690787,37685.950413223145,9555.359820007037,152501.81642253825,1.3277320519104683,1.0
10,113107.02536093968,4109.345170453162,4440.460721896583,37685.950413223145,7206.346306622685,220385.42951218865,1.9187495952614952,1.0
11,51685.63027244178,2690.2626540074125,-9.399454405560391,59504.13223140493,7499.64264147581,207766.94702016262,1.8088888470805446,1.0
12,79485.27371959561,6512.5919007544,2.348203025525436,61487.603305785095,8884.517084828798,223390.34404687316,1.944911390802985,1.0
1,93807.34587221767,2762.798165084474,4803.205235299451,61487.603305785095,8991.289419444149,244678.3901236466,2.13025227238544,1.0
2,37533.36618161592,5620.513244297676,3852.0914706083713,65454.54545454541,6673.312934181152,211852.3196902252,1.844457474165038,1.0
3,4945.461490035723,5397.3448625626625,994.5310273017385,61487.603305785095,8688.078410020196,151024.91329971657,1.3148736371076974,1.0
4,99805.4134514726,344.80932788652717,4448.9699281711655,23801.652892561982,14146.114058257599,208778.39920008497,1.5874440198916744,1.0
5,92716.83442188852,5492.464810266683,1158.1644294818689,77355.37190082645,8932.740306419688,219541.42179551217,1.669280531334104,1.0
6,44442.60240727721,2243.1814290791517,3067.581646374223,89256.19834710743,7799.962836779946,166103.46280160698,1.2629656598478358,1.0
7,87682.9415884484,1730.7743204428116,329.694718005514,35702.479338842975,7564.31379438629,211920.69085926344,1.611336396316775,1.0
8,51568.99582125329,5369.475876925251,3427.8759915638657,83305.78512396694,7701.196030311218,174424.30541159993,1.3262330854641913,1.0
9,123859.56566421418,7652.451605797047,1457.2484160898312,59504.13223140493,9274.89465241759,235700.04738169882,2.0520838038965628,1.0
10,70148.31291593902,2725.433738057298,1504.1760227178456,67438.01652892558,7282.124719990071,232349.47676406166,2.022912610362052,1.0
11,111441.09720553936,6129.000372316106,2279.793631812092,63471.07438016526,7984.269789969599,276184.43653997016,2.4045544980063376,1.0
12,46925.52395347045,6487.132869485125,4221.536152917368,87272.72727272731,7514.097615347499,230588.73232193358,2.0075829776673215,1.0
1,61966.43437552853,1984.9358399619232,8161.808168994787,65454.54545454542,13752.783570581143,207170.96534330267,1.8037000303616286,1.0
2,47474.09670511421,2213.092557269236,1161.7740534161276,55537.19008264461,6585.206873442742,193573.98359618263,1.6853201389059569,1.0
3,45939.99685739601,6769.949173241766,2966.4595545800694,61487.603305785095,8644.771616737557,173185.09514971767,1.5078076257553414,1.0
4,7626.815710632103,2959.0867929821543,1284.9008497284667,47603.305785123965,7629.9580432150615,127252.83297526443,0.9675653683275075,1.0
5,42455.59960253651,1691.819722688233,182.25490091003303,6148.760330578512,7895.402438453359,157173.83463054727,1.195069340619811,1.0
6,51313.84540685274,3326.3274423721596,1251.7192014296597,29752.066115702477,7790.7070318013375,173019.5151308387,1.3155517796445255,1.0
7,69392.66437046854,2488.8717842874466,2724.3078046440787,41652.89256198347,7349.861166279938,193173.98975268722,1.46879608238415,1.0
8,48074.986542886145,3494.576404792024,2478.751134184684,65454.54545454545,7421.702272392454,169388.5538392428,1.287943809610815,1.0
9,33220.90290672456,2966.6606035886216,2821.8196395147825,55537.19008264461,6788.9871352989285,140428.1204920977,1.2226143985741258,1.0
10,51959.84302029242,2405.3270642249845,2246.2880881104793,25785.123966942156,7028.343885940942,159733.5346356215,1.39069382041355,1.0
11,103951.41320207583,1326.2431619208946,4648.307483683544,45619.834710743795,11658.521675310152,203084.52712988076,1.7681221262986437,1.0
12,115633.5323402983,8273.19595147029,3259.3167993218813,61487.603305785095,8708.127941187193,253536.20737535524,2.2073714054616866,1.0
1,21463.788281454217,5743.115538316342,5690.646548340272,77355.37190082643,6996.796166940764,190700.29657901838,1.660300854222315,1.0
2,19047.48379439174,1294.7095406665467,872.8470178227872,55537.19008264461,6472.075677447576,148160.3771361617,1.2899340228301173,1.0
3,68788.22426237277,2304.2502690239053,872.0803830008372,33719.00826446282,7788.8563587175795,176872.90666137714,1.539914951820679,1.0
4,14460.487230196417,7806.950673611165,2808.683234955388,47603.305785123965,9563.348229252342,139165.00731585303,1.0581394410923433,1.0
5,21373.916713634462,2149.414175495098,-1.1267879131191876,11900.826446280991,8366.613764759115,142422.02478185558,1.0829041337947403,1.0
6,72854.34683789824,2597.8621388854517,4250.716651185066,11900.826446280991,9884.26028321388,191838.43037795933,1.4586411729167668,1.0
7,105308.8479416974,3777.951525023731,3444.033317495254,65454.54545454545,7199.352957428532,224827.29811521125,1.7094716276627604,1.0
8,21279.991315600862,3847.2535460007202,961.1858144031721,95206.61157024793,8335.9267861177,145450.81880604403,1.105933532332152,1.0
9,14458.897889845693,2335.6668696567067,2531.476062456495,31735.537190082654,7149.851303719054,120828.51900928821,1.051973682916708,1.0
10,4007.303619677799,1440.7727900171158,848.8891333502397,7933.884297520661,7367.248992547174,110126.57299556505,0.9587989452410214,1.0
11,20045.159133017172,2980.4753402661445,4061.3294760451245,3570.2479338842977,8833.6229101308,116687.00714878817,1.0159162891784088,1.0
12,42644.26126371512,4925.554069816746,2232.187979076669,1983.4710743801652,8368.835350549383,151672.32807831385,1.320510247691026,1.0
1,115214.57215477002,3061.0810264032334,2566.444002249278,37685.950413223145,7284.562650737953,222411.0241932767,1.9363851031219936,1.0
2,63480.74702471806,5987.007769841352,5088.609279152588,55537.19008264461,6710.815645929616,224542.16398010927,1.954939522134547,1.0
3,15999.968311347306,1429.9040962392755,3365.789058599825,61487.603305785095,10169.699679876354,166948.94434343456,1.4535136015903565,1.0
4,100856.97966873039,4916.41819346993,4617.864538997732,35702.479338842975,7053.648292897634,225348.35003489655,1.7134334395988928,1.0
5,28718.069905243476,4645.6823724368005,-13.231319725746289,97190.08264462808,9479.151817214562,152056.0991704599,1.1561567012728764,1.0
6,7921.58572104047,5173.86131391619,11535.253078376292,23801.652892561982,18584.124929330552,111230.51530514774,0.8457398707296645,1.0
7,21335.95769105285,3049.7768353220017,56.01291661943833,6148.760330578512,9309.975173321436,120101.5014110032,0.9131903057279067,1.0
8,89539.90961543983,2837.586936050575,4188.895631951105,6148.760330578512,10165.176860906287,191976.1651390577,1.459688437498134,1.0
9,7698.731722850055,6523.445581768028,117.98010168923065,59504.13223140493,9714.959441305382,136861.27066927624,1.1915602056129768,1.0
10,9767.361768344983,3498.378230431641,2434.5363421364164,23801.65289256199,7662.179189457634,116228.64224389681,1.0119256103132541,1.0
11,110814.40663232707,258.6001841681282,683.2904301978415,1983.4710743801652,7710.6491502629015,216924.2384055511,1.8886153025830574,1.0
12,52205.8711465299,11.717150595737621,1159.5839644891967,61487.603305785095,8592.288449793716,197902.35098260874,1.723004359633393,1.0
1,5179.144860306195,3575.0699028302042,3190.223200460692,61487.603305785095,7324.051677432737,134654.68756206663,1.1723489517054895,1.0
2,46026.94850273649,5097.56923068568,3127.147962389892,19834.710743801657,7370.582811685532,155446.7637776117,1.3533717530382647,1.0
3,112911.92268425567,6768.990806985763,8333.1631508742,41652.89256198347,10294.796699445318,214846.82485655014,1.8705286422482104,1.0
4,6052.511939062381,7016.401612116577,1014.4023582336958,89256.19834710743,10195.481386332598,127449.65631605539,0.9690619122061406,1.0
5,51759.40946995376,4797.316042373335,27.981362315200386,6148.760330578512,10546.837074221852,167282.80306126695,1.2719327591731857,1.0
6,19914.98512250182,5532.549020097358,4625.4061958128,41652.89256198347,7484.291293249873,138967.74715282,1.0566395758411036,1.0
7,69970.31711039842,4343.072209065605,1023.183507304464,11900.826446280991,9299.764203379564,191057.362315319,1.4527023313990746,1.0
8,51484.25108528948,1980.3548820615397,3635.515019768558,65454.54545454545,10119.068742087462,165312.83906626856,1.2569541618889661,1.0
9,44509.37170880258,6067.6536084561085,10.361231496557593,51570.24793388428,9933.93684675623,154375.3183713902,1.344043389343429,1.0
10,21103.532129047002,3236.895246569533,921.7591909576731,39669.42148760331,8339.07477363234,129785.49029481341,1.129956084325508,1.0
11,65390.33782443268,1187.3600710274186,-8.670308990651392,15867.768595041325,7645.862861259035,172858.22704296382,1.5049618021955622,1.0
12,7413.838945954902,4724.907833281701,4586.327037933923,59504.13223140493,7327.866466895438,113578.64808596611,0.9888538708192706,1.0
1,68965.33141207839,6134.3866167978995,776.4668721907656,3689.2561983471073,10007.733731170512,174204.90931313403,1.5166864705030558,1.0
2,16655.205040095032,2467.0597005745512,2404.5479016267927,55537.19008264461,6608.67441106367,128776.76165846855,1.1211737539010354,1.0
3,10211.876162801535,2198.6439288388938,-9.019083900973783,15867.768595041325,8683.727462508634,116644.80477645999,1.0155488611456074,1.0
4,92992.67684720123,2962.2076878353982,4128.477660576289,5950.413223140496,9933.332825245316,192587.46560253453,1.464336453139701,1.0
5,113611.57885726659,1320.4929264198581,3489.0422744554817,65454.54545454545,11542.643438497209,227033.30621872286,1.7262449834561249,1.0
6,9668.20443421257,4092.554027162754,574.2956550267409,97190.08264462808,8754.952695746733,134274.7336846966,1.0209563049960968,1.0
7,116348.35351686008,4166.010401099309,2863.428907914931,5950.413223140496,8176.809708305412,237798.44576329517,1.8080975910956403,1.0
8,53511.305998441865,6947.455207298481,3730.658662099915,111074.38016528924,8832.57695900083,174619.59118264556,1.3277179384499602,1.0
9,178749.0621686619,5206.721951756685,5384.067432762851,59504.13223140493,7393.793859126987,286293.3817797694,2.492566371705604,1.0
10,115435.25525217138,6156.261384668236,380.9136676157359,93223.14049586785,9371.077077864911,304909.76717526047,2.654646877762176,1.0
11,4436.988419592525,6141.463535666931,6335.042330229771,101157.02479338847,7344.353731106609,200651.79827579504,1.7469419715375514,1.0
12,55862.174038559686,9763.416267351015,4971.790571439109,61487.603305785095,9206.77921165772,190611.2154928238,1.6595252843561055,1.0
1,50735.303589941264,776.326448799111,995.7548374726903,61487.603305785095,7689.650153648491,171949.8372346579,1.4970530553202146,1.0
2,18372.85021328351,3974.302177674428,3974.931564697181,55537.19008264461,6672.952922606043,128111.915055668,1.1153853759993828,1.0
3,57895.032618523954,2320.137691672615,2129.277679223829,13884.297520661159,7517.881912716629,164795.62825326293,1.4347661082300551,1.0
4,126391.46693716472,5220.418731732061,5303.029708568123,35702.479338842975,7334.669194526739,248067.33568022185,1.8861769707249891,1.0
5,69174.44910138045,617.4601307711564,3255.2881572788756,119008.26446280991,12097.812860168706,183497.879432116,1.395223895208396,1.0
6,15930.915284717523,3230.5279396246187,4825.749294170324,53553.71900826446,10093.481810873163,134186.37254315018,1.020284452130685,1.0
7,2704.5084948279914,1907.7773209208099,1.9251290824904572,5950.413223140496,8743.95549216537,124102.36451451061,0.9436108196910461,1.0
8,49434.99270936629,4003.1597417775483,4596.367767615055,6148.760330578512,8766.60672762478,158028.78213983608,1.2015699236118338,1.0
9,149052.73026569202,6858.045138906629,2348.1580957601836,43636.36363636363,9550.925303462138,258404.11050884874,2.249753005678348,1.0
10,48311.85853222672,5018.507108467282,6485.47870135511,79338.8429752066,9236.534707629662,216673.61976535132,1.8864333324976816,1.0
11,68028.94104094821,2167.310429431498,1109.3162273182825,59504.13223140493,7661.492650736328,218594.93012627153,1.9031609060289594,1.0
12,114003.42113075874,293.93096636835253,5215.427997238759,61487.603305785095,13981.115544328151,252208.13537604662,2.1958087644250632,1.0
1,42085.89120144385,2922.845073281933,6206.013417248527,75371.90082644626,11528.176628280073,204110.78077879758,1.7770570353706876,1.0
2,46545.24508788865,3583.0396182955883,1265.6529595847533,55537.19008264461,7700.568012169602,189735.65443058286,1.6519023555739256,1.0
3,8180.58569639184,3380.785266839637,1077.4427416402032,61487.603305785095,8763.05864862774,129968.92069776129,1.1315530910432114,1.0
4,109190.06096237309,541.4927933351428,2018.6324476592126,5950.413223140496,10798.850651010505,220932.57813165933,1.6798581716216645,1.0
5,103594.8763060878,6598.940339848836,1261.147446780058,95206.61157024793,10526.362559856914,224132.27320071112,1.7041870141757993,1.0
6,80893.38705831303,4458.421023435425,3166.707345842151,95206.61157024793,7908.434576236653,203202.32779013284,1.5450464287226076,1.0
7,69011.85682451657,6885.7996407572355,3156.24021054522,77355.37190082645,9603.268546467294,188985.10359756765,1.4369459374341502,1.0
8,47424.8158037823,2592.235800378141,1085.5409021106607,59504.132231404954,8381.365334865734,170031.11673334677,1.2928295287635518,1.0
9,110383.7170003178,3555.3697412312613,2559.7799352250586,55537.19008264461,7799.476065714513,218073.75739131164,1.898623401092816,1.0
10,20858.35507747398,5659.602002854837,1562.322993701615,61487.603305785095,9284.01133987397,172257.77683227975,1.4997340809198187,1.0
11,5240.751048823066,2335.2844198679086,2817.366383272223,57520.66115702477,8089.859345497257,111405.92541517648,0.9699374172478129,1.0
12,51506.96273877956,3610.63456300876,2300.782162353411,3689.2561983471073,8254.686778590525,152278.79757767374,1.3257903749163646,1.0
1,88577.69209796553,5372.458319313562,2350.2698237074364,37685.950413223145,8948.513728742326,197244.21402927992,1.7172743981943748,1.0
2,58823.378739867025,2854.4156376870815,-4.798594234423945,55537.19008264461,8015.904421470136,195373.71249695373,1.7009891833957784,1.0
3,113758.51904339179,1781.518325115001,-1.2307779795082752,61487.603305785095,8530.850407483456,240896.52693017147,2.0973261007783766,1.0
4,66355.25287108654,3188.327849483554,1259.382228545961,113057.85123966941,8379.991310180154,187742.88287234603,1.4275007272534326,1.0
5,2054.7579905625153,5487.864884313894,1887.6622906390403,59504.132231404954,9892.195457535296,124001.51576764314,0.9428440174704058,1.0
6,49179.81043729874,1242.2123009809002,1963.917714763069,5950.413223140496,8976.97584691074,157532.23172110852,1.1977944085403327,1.0
7,120258.00339276424,4390.945949719171,2782.0868591176113,29752.066115702477,8645.08658160338,241001.94150716843,1.8324553320345698,1.0
8,8532.862895246795,3004.31478256805,1247.5957542789693,113057.85123966941,8472.44837058043,129761.22382045446,0.9866378876207117,1.0
9,106342.07140186266,1691.2084997315105,4051.7505749208067,15867.768595041325,12174.306813021587,205700.67773906488,1.790899212486356,1.0
10,74304.82226132609,664.359893281624,398.3361362198484,61487.603305785095,7735.660506399092,211048.2599452686,1.837457059874418,1.0
11,14500.567804697403,2067.8500089860463,-4.803838740772335,59504.13223140493,8277.32011276127,159840.0292535266,1.3916209983374954,1.0
12,112811.98982560619,2281.856543305679,4987.473186541232,45619.834710743795,11984.168238749322,212342.3994864041,1.848724273529431,1.0
1,97069.99586791258,5799.603291905951,1424.296179559984,61487.603305785095,9389.418407148927,242910.6807537286,2.114862000689268,1.0
2,101384.03590217709,4671.817144603847,4000.154427051457,65454.54545454541,7155.258446016812,272356.5754728959,2.3712278534571802,1.0
3,21003.055865866867,1764.8179444653797,3039.8240989882615,85289.25619834714,9786.947466817044,197008.4215190757,1.7152215093780794,1.0
4,19655.45793617025,1856.3271009378077,121.51518653021776,71404.95867768595,8487.975880808339,138505.75681115923,1.0531268378953822,1.0
5,146769.36113937653,1753.2230521512683,-3.6330016387510113,11900.826446280991,8952.412245219672,266178.73531282507,2.0238867776245555,1.0
6,66075.43353491188,702.2213773819967,0.9194139005849138,136859.5041322314,7755.925495623037,188340.04118336394,1.4320412132107252,1.0
7,50792.02734454507,5893.641929511854,5212.178571344615,59504.132231404954,8076.6664545934,172232.7332000779,1.3095694928000514,1.0
8,65093.83084877578,1759.1162066973338,5324.719407415687,41652.89256198347,15124.781296149815,176983.28699000203,1.3456902707822676,1.0
9,69108.75977600379,9245.34390420356,1214.6415595428844,59504.13223140493,11587.034802394712,183031.58207686685,1.5935344492029422,1.0
10,70234.12506138372,5589.883581139002,1306.6038616088626,61487.603305785095,9764.754713357357,186296.62883863825,1.621961043313658,1.0
11,10789.870337627723,5937.67786467867,1090.5686007626646,59504.13223140493,9793.060180540322,132636.41602823674,1.1547772016254794,1.0
12,20532.8489168904,6583.319828573003,889.551842413668,17851.23966942149,10646.087446808786,130365.7058150562,1.135007635587742,1.0
1,8981.898468384283,2133.7328521681484,2419.618269360333,15867.768595041325,8235.77434951569,114958.17592169128,1.0008645036560628,1.0
2,157983.24702771736,1281.4819697155763,3262.1888088696724,1983.4710743801652,10833.00179731812,258144.24323855626,2.2474905139119956,1.0
3,34167.14564083451,3379.0900974409888,4131.2158325290075,79338.8429752066,9014.464845731884,203205.95532336427,1.7691793209490139,1.0
4,75489.0787319445,6174.982866396371,1360.036306458409,77355.37190082645,10530.834687130386,195623.7740272899,1.4874229873304596,1.0
5,20508.317740736016,3582.2212412165245,1167.9994317945966,65454.54545454545,9286.303884143146,143805.46423875925,1.0934230988847984,1.0
6,103617.82135230115,2093.4272703334864,0.9554258644639049,17851.239669421488,8902.30342465792,222762.21434145002,1.6937697882972287,1.0
7,69992.22110201533,5965.123318180151,3463.011219489563,95206.61157024793,9154.511922149119,190895.42404975893,1.4514710357658103,1.0
8,107040.59783230843,3759.069076269603,2344.6344888341846,59504.132231404954,8589.39614202709,231256.92809607074,1.7583592410477542,1.0
9,10878.98370688767,1593.1901118526002,5532.63014757348,63471.07438016526,13749.073164046209,160976.32422302605,1.40151396411863,1.0
10,84974.12544778756,5826.806963965646,7.603955787722953,47603.30578512396,10839.123140558364,193327.22375330923,1.6831717648065976,1.0
11,6821.86185100527,3398.326845896314,4459.5827669792925,59504.13223140493,9241.76135902805,130341.93609279854,1.1348006883995259,1.0
12,141938.36265824165,2990.8068517577776,2319.849038428685,15867.768595041325,8157.901401486772,248925.58656784115,2.167229791617689,1.0
1,6499.052909461706,1630.3683478568273,2956.305239937996,75371.90082644626,9584.907070038862,169141.89468873656,1.4726061640922892,1.0
2,62247.083458984845,6096.533007219288,0.41876467992551625,55537.19008264461,9987.505671896024,171960.39663572016,1.4971449890136501,1.0
3,23670.5803724159,2702.9490069750464,2686.3509233838413,57520.66115702477,7831.5764951124565,130295.33743959003,1.1343949848683013,1.0
4,175660.51762814543,3205.266944171555,2650.478683182577,5950.413223140496,8024.832538054159,292535.3975675298,2.2242893386214817,1.0
5,72280.5437554914,12530.374192288029,1426.6648151005502,166611.57024793388,13587.753227397414,195720.32722487737,1.4881571283943766,1.0
6,49364.4134407063,4851.798027584766,818.6129013628233,65454.54545454545,9947.57730807851,173715.80302918167,1.32084599621378,1.0
7,104730.11650874249,5861.216463017103,3960.41226228507,47603.305785123965,9104.232237358952,223639.1857161733,1.700437829482306,1.0
8,65189.86282331384,2823.163602930901,308.1207519393356,95206.61157024793,9258.399817677146,186879.0800025536,1.420932812635488,1.0
9,2054.4039863303215,1866.0384654186782,179.02798623600393,59504.13223140493,8523.797096167411,122592.56514049425,1.0673320612258648,1.0
10,36624.73279622271,4798.301860006366,4329.682442053367,7933.884297520661,8158.280067534367,143593.75298961496,1.2501754586986653,1.0
11,83406.65827766094,5803.373935761483,4853.419082401961,29752.066115702488,8169.074727204938,190029.22527772802,1.6544582820042126,1.0
12,94614.36409204434,4849.524925108679,2657.5348681088653,61487.603305785095,8873.989649348116,216473.98647163893,1.8846952579690741,1.0
1,48207.330555024004,6350.677961638663,2838.6944652381353,61487.603305785095,9403.418636873765,197302.27858040459,1.7177799276852133,1.0
2,13044.141411253688,5012.155692823813,2984.72552112877,55537.19008264461,8058.606964492321,148778.05311621638,1.2953117174415802,1.0
3,62937.92219570251,3069.1549278042803,2244.501700138062,35702.47933884298,8461.985015427605,168376.16418531453,1.4659394570564723,1.0
4,73933.62842831392,1709.275957723352,5041.127121128549,41652.89256198347,15451.174631239446,181873.87425700034,1.3828757916048244,1.0
5,7994.556684500581,4671.3134119971655,2727.484740042477,53553.71900826446,9291.113753284975,128967.42685190617,0.9806022620217125,1.0
6,7736.231883047593,4199.712582101114,4636.621610332571,5950.413223140496,8760.59632137226,121555.74016220955,0.924247592391384,1.0
7,51384.404352872094,1529.1391409005446,1029.3081988436606,6148.760330578512,8366.812008543146,158924.4031180169,1.2083797668300496,1.0
8,24121.97927875946,2351.0849336351675,2174.986866689869,29752.066115702477,8075.738250700601,145394.67609731856,1.1055066519289674,1.0
9,94945.13128807362,2246.856872292963,476.9787218158017,31735.537190082654,8801.270226458377,201572.87811932832,1.7549612021232344,1.0
10,12345.217151618897,2483.3201133175753,448.24962748750113,61487.603305785095,8977.687283422683,145487.8751675695,1.2666663227742556,1.0
11,61935.42869627093,3266.8403072673245,926.3222281054186,31735.537190082654,9079.012399410434,168949.27235350924,1.470929129323821,1.0
12,2901.704112742202,4788.384333732305,2669.6832330337784,55537.19008264461,9027.599839400858,109404.8876449045,0.9525157101036028,1.0
1,50910.697107743246,1365.3929865538375,994.9201726013271,3689.2561983471073,8235.80363892518,148760.997729328,1.2951632275129967,1.0
2,61286.96867451609,3225.4942995003366,12630.42615779303,35702.47933884298,23846.536064750082,141094.0191419583,1.2284119359509538,1.0
3,51353.775088371316,1400.7643708982796,40.69543796023936,27768.59504132232,8970.344017925421,157068.92410401994,1.3674948258595236,1.0
4,95123.33852042803,5822.874226584012,-1.7420074991532601,29752.066115702477,12220.002771956197,216044.80997087248,1.6426940858389105,1.0
5,117585.90530449197,10565.60209994734,1583.8217014150578,89256.19834710743,13878.162444020038,239478.13488276926,1.8208690868931097,1.0
6,8803.710312325247,9562.121819380118,0.312405425705947,111074.38016528924,13014.520054337157,133754.7543894225,1.0170026487466335,1.0
7,90597.65292163298,4844.163779831317,3995.334976731072,5950.413223140496,8686.213987822754,210564.60890319248,1.601025443651673,1.0
8,111266.73325759839,1723.7695593499811,3764.2141592284315,83305.78512396694,12153.887573762488,224331.22486318302,1.7056997407224561,1.0
9,98310.18980572335,3253.71043973646,8214.770969525474,59504.13223140493,16171.44696090645,242004.77494680602,2.1069748803645485,1.0
10,76565.60830918055,5696.510480458441,3652.5800176918565,71404.95867768592,8987.284790046584,240222.07025102066,2.091454054323189,1.0
11,16317.113365817146,4683.98429011862,3123.6622944674746,67438.01652892558,8516.178602399532,182145.31048116385,1.5858182709178763,1.0
12,57732.140375583374,128.18793514644494,2536.4220316374267,61487.603305785095,12109.395875293054,163872.21757917808,1.426726584650469,1.0
1,536.6955722678097,5333.250372891431,3643.1395317461283,49586.77685950412,8946.591401484511,107565.65573160257,0.9365027391143164,1.0
2,8000.524946566123,1417.9124880130257,401.7294104280736,3332.2314049586776,7998.644632811506,105251.48771798346,0.916354814864845,1.0
3,1673.0420515987275,3021.230455689525,1837.6902219826443,3689.2561983471073,9142.999215776363,95275.81458916559,0.8295032529410489,1.0
4,29731.056867956868,4181.497722957152,655.7973230093194,5950.413223140496,11590.068323803347,110992.09031012644,0.8439270091789035,1.0
5,47972.24590997192,1461.489305897223,795.7061824849807,6148.760330578512,8786.089641443776,144695.2693714883,1.1001887213928336,1.0
6,6616.264776032255,4572.049977776391,964.3716579849133,17851.239669421488,10506.26532112809,126561.70747676246,0.9623104040026772,1.0
7,49272.94521655437,4898.213905166645,2648.1761500213906,6148.760330578512,9980.976145977296,161954.95397190627,1.231422523400732,1.0
8,7940.7836584529705,3598.2874473554257,0.08868215518305078,35702.479338842975,10683.051588908273,127108.40546780825,0.966467215530582,1.0
9,18943.616164572006,4407.8998016088735,753.6226494306757,13884.297520661159,10387.220385929915,125434.78087796737,1.092077346374676,1.0
10,153636.84149240144,3016.517552166508,2823.1173111740354,11900.826446280993,8287.950360475266,259076.245804605,2.2556048413897556,1.0
11,23669.763692996054,2010.9236868470325,0.02528017616714351,77355.37190082643,8795.331396113022,198606.2046073324,1.7291323457736343,1.0
12,50970.94900865734,5048.695202759933,44.73808283757535,61487.603305785095,10533.635361716217,182559.87206841077,1.5894275833824147,1.0
1,51294.77739040489,1029.3555521308444,5408.143287552288,61487.603305785095,15695.645215897803,152292.61320171133,1.3259106583810614,1.0
2,6120.658318572337,4519.483287392766,2215.6339566016104,37685.950413223145,8650.599045018495,114380.57139283317,0.9958356845620745,1.0
3,57870.30615706257,1103.4355829839915,4241.667339323205,3689.2561983471073,17476.994245202764,147946.39535000664,1.288071025505443,1.0
4,118196.30713706896,3044.4991582040384,3899.269768910104,17851.239669421488,10147.059403342884,237289.63280360514,1.804228837943025,1.0
5,95982.14044035939,2436.955922684341,1192.3736922652752,111074.38016528924,9038.376639900122,214403.5986691942,1.6302151556612203,1.0
6,58963.95948916766,6754.799519335298,3555.268125013128,83305.78512396694,9913.655961324303,183347.64846739286,1.3940816158947025,1.0
7,130721.19984899786,6069.3566360819095,2811.217543382838,53553.71900826446,10522.985463861187,253250.28293696407,1.9255854471749132,1.0
8,47978.9512136176,2950.455628258467,6522.11951015456,126942.14876033056,15108.967550644014,155606.453957711,1.1831517807308534,1.0
9,61500.31601217464,3992.7448891363747,162.12575827765977,41652.89256198347,10402.480978964495,168882.0155597964,1.4703435690805655,1.0
10,110033.62816484143,6023.268933136016,2489.3007431024453,55537.19008264461,10279.785636555614,216632.63619547116,1.8860765157684904,1.0
11,67335.47424552329,1677.9611133489816,2720.228933927836,59504.13223140493,9784.558161653471,213637.1522273572,1.8599968259080812,1.0
12,110346.94701735076,864.1533899494098,0.37542407916043885,61487.603305785095,8672.857426932054,254687.41647786103,2.217394218695681,1.0
1,110163.24347538367,4057.344163709058,1254.6638715007284,77355.37190082643,9491.135611327309,280806.8327332993,2.4447986323155795,1.0
2,42300.58426063113,2667.237006433599,1373.8160590930493,85289.25619834715,8009.0190792618405,231102.56266366199,2.0120565572610665,1.0
3,5490.68307635319,2741.6934936020407,1238.9837863726134,65454.54545454542,9184.58749983765,163456.82249286154,1.4231100154629883,1.0
4,67456.97215424966,4773.587940416881,1195.0451469912077,35702.479338842975,10847.6825560714,187942.1755456225,1.4290160466715962,1.0
5,69050.75980859775,1499.3632597245742,5045.365672142245,59504.132231404954,17420.3053507615,176522.49535963614,1.3421866472233024,1.0
6,37354.10277808473,6020.425819774246,4663.048685102869,47603.305785123965,8972.577760093323,158658.09172717496,1.2063548714077224,1.0
7,63938.96428060347,6070.127425446786,2651.0445006635273,29752.066115702477,10958.77191864218,185305.30089821704,1.4089666023504133,1.0
8,89489.91568330456,4824.010782198573,5217.923254271736,59504.132231404954,9252.76610178687,205644.40577625664,1.5636147389981647,1.0
9,6458.051280960815,3763.400194721733,2954.5073889777123,59504.13223140493,8523.91566520851,144883.30196634805,1.2614027053576358,1.0
10,6698.1463882145945,2214.9408418902603,2548.1461594953144,31735.537190082654,9036.839937926577,110475.86590894837,0.9618400067016879,1.0
11,20066.474181464208,4331.018599246585,2395.177258499869,3570.2479338842977,9504.390192725543,119403.54330454944,1.0395673656625368,1.0
12,49612.776414363514,5617.565962614914,2746.343725764993,5950.413223140496,10233.25705908785,155703.87167353448,1.3556102207642498,1.0
1,20504.827716519256,2328.4855235925934,4701.378201092535,41652.89256198347,12929.53409050792,119253.38006006242,1.0382599940036192,1.0
2,6145.512538175253,1981.419453327544,44.904787710969686,5950.413223140496,8858.761384651538,112526.23265606223,0.9796911884920193,1.0
3,48620.597789589614,2037.002556745705,1946.4886751955637,3689.2561983471073,8471.57557790414,149076.51255095075,1.297910205557905,1.0
4,67449.00781661474,4369.867120797484,2607.4318956255156,17851.239669421488,9589.804563776488,190846.9113595395,1.4511021701155669,1.0
5,20674.733212140254,868.757574427611,7302.7652682556945,59504.132231404954,24694.21691398869,120889.287732458,0.9191802294448108,1.0
6,68562.79849485887,2163.695128800973,6530.967404260999,5950.413223140496,20439.023063744477,158695.3776649719,1.2066383745824214,1.0
7,33500.521536274246,3803.9905879340076,3022.06786074143,29752.066115702477,9039.17277311221,154186.58303962403,1.1723558094686388,1.0
8,37880.20088148526,3201.776220183383,430.33700537343975,23801.652892561982,10522.796517598998,160513.77372575825,1.220464526921694,1.0
9,44060.12191552999,2304.363509563147,1011.8894222643867,47603.30578512396,9015.340195232364,149247.7237482307,1.2994008277656084,1.0
10,99230.1130850321,5542.257962594362,-3.4127781091665383,35702.47933884298,11894.80554712797,206426.2226879954,1.7972160505830754,1.0
11,72533.86854840026,2023.3377683743893,1489.457027367258,59504.13223140493,8474.93041904122,211514.90932695658,1.841519866178014,1.0
12,45278.847964504195,604.293902558129,1128.0905515418272,61487.603305785095,9332.867952213406,185449.48938447854,1.6145855626006325,1.0
1,24674.802542799727,2531.2925882114505,2678.9512611608952,61487.603305785095,8740.148829471242,139748.8811190725,1.2167007123791602,1.0
2,107557.49185857337,2642.0813897328044,4208.273048615491,25785.123966942156,10836.122660261928,209118.9346915591,1.8206597059936427,1.0
3,6840.874503207423,1561.299630805588,515.4183848658286,61487.603305785095,9153.018941334012,146365.06819358715,1.274303459981389,1.0
4,24576.12394705136,2913.7256961894454,4.8635497874056455,17851.239669421488,10777.56550217998,145221.24911543907,1.1041880019808537,1.0
5,73054.7589406278,5356.9453436943295,4239.898994437681,17851.239669421488,9490.955921486315,192050.85881441573,1.4602563699505577,1.0
6,122840.21347427632,4943.041211928532,5016.442708785966,65454.54545454545,8401.519446051287,240961.60589123785,1.8321486406692609,1.0
7,19463.228953478836,1280.8219062340504,1115.7191110554268,113057.85123966941,8624.619320529355,138907.4670796965,1.0561812370380226,1.0
8,6457.362542224197,4116.955446587526,2549.095939946099,11900.826446280991,9782.45602743522,125249.40665484592,0.9523323406588067,1.0
9,58279.6124729308,1301.157080215693,9180.907582380198,11900.826446280993,27917.958529269064,135830.48365006218,1.1825858274959862,1.0
10,31351.890766579396,4239.096694944776,619.3125216810149,21818.181818181823,10946.867972229355,138037.10879949416,1.2017974474371869,1.0
11,10726.538759563375,3325.766258887277,714.6923309633567,23801.65289256199,9975.488012466469,117597.580581953,1.0238440474254407,1.0
12,83053.00834467263,1796.0180595417041,919.4396686060209,3966.9421487603304,9149.746612323794,188410.4785564772,1.6403649291763702,1.0
1,50114.4592933048,3739.178489966551,3101.517381334561,61487.603305785095,8908.453641431197,168766.5420111977,1.4693382175692264,1.0
2,50965.55040915326,2412.5278599807643,846.180954780546,55537.19008264461,8628.061493133613,157133.18774977294,1.3680543267509917,1.0
3,48892.01738168775,2733.2794727497967,865.5327006372972,43636.36363636363,10000.862923575163,154255.72534363437,1.3430021722624699,1.0
4,7642.9874328111055,5555.327199865424,-3.0609556726703886,23801.652892561982,13083.240853459112,130572.2071859625,0.9928041897800342,1.0
5,9907.351190612257,3158.72249231959,0.22174798007472418,6148.760330578512,11604.597296606697,125884.70149372905,0.9571627972420405,1.0
6,65174.546502405625,1616.3047296013392,913.3699139727978,5950.413223140496,8926.801714611782,176884.96787401094,1.3449427025792395,1.0
7,44293.06842464326,4936.371949631575,2560.1258696326695,47603.305785123965,10409.877912089896,165541.09868143924,1.2586897310976284,1.0
8,1621.4784415632016,4769.331230778102,3485.4569403103087,35702.479338842975,9592.27661049155,123151.69546413572,0.9363824191252029,1.0
9,49896.946984232796,1251.8169222441502,8432.662653894527,9917.355371900827,26716.738026786283,129233.70331803101,1.1251520415141694,1.0
10,34134.551006217516,1625.424978316456,2925.36771727656,15867.768595041325,11615.124074053416,134585.41891619368,1.1717458756013786,1.0
11,97438.49540851974,1581.432874767168,96.46913312733523,19834.710743801657,9409.20109720481,204264.96622534675,1.7783994256721531,1.0
12,70266.29367500888,4502.435589042783,0.33431608171667904,61487.603305785095,10974.710236635865,206571.04763089574,1.7984769451947968,1.0
1,20787.442042457,4796.444457429781,2640.689892906812,61487.603305785095,9738.893896651698,158287.74703543892,1.3781063078051858,1.0
2,154312.60970211372,2340.942895623244,-2.0068697759415954,43636.36363636363,9221.177877444885,262085.76498914335,2.2818067265599606,1.0
3,52499.46157554971,7541.115021769248,887.7183207537164,81322.31404958678,12586.140063589179,227330.16915253262,1.9792128318901647,1.0
4,44909.79898936136,3162.711865957477,1235.3651913601498,97190.08264462808,9790.11873146868,167187.11344039458,1.2712051843043222,1.0
5,29030.389453718497,1834.574268095108,2726.522433513135,35702.479338842975,11259.743796399931,148363.33159345214,1.1280787878995064,1.0
6,20117.011387368962,1247.5547003934917,4288.566016454366,17851.239669421488,16467.330092389915,131120.7619029488,0.9969751189010528,1.0
7,10742.391758870348,5010.999903015996,913.4591946603614,6148.760330578512,12464.563591164992,127347.3704484313,0.9682841828553006,1.0
8,19215.622154337696,1700.492754642517,2556.5326865373645,6148.760330578512,11267.310059510566,128290.88228078505,0.9754581636009408,1.0
9,23789.130210154846,2633.9543991485116,46.3696717817802,13884.297520661159,10429.728303278138,130353.57139436733,1.1349019892442562,1.0
10,6501.309553999709,4076.0142866736132,955.8326063613495,15867.768595041325,10980.612699410294,113126.68133422764,0.9849188964251405,1.0
11,67926.57713854528,153.4350319520745,3699.239199788266,3570.2479338842977,17728.064892834187,156209.14147821825,1.3600092694462826,1.0
12,75161.1715721849,1270.2088558973046,1194.0386066955107,41652.89256198347,8812.921694469922,180980.66904315155,1.5756785112579152,1.0
1,80884.97662008941,8746.35057597683,2856.4902300304966,61487.603305785095,12041.540613366396,194226.3620900358,1.6909999652620311,1.0
2,64253.171931208824,2620.8658408223127,1083.8864334072277,55537.19008264461,8762.485861719904,195716.8374842952,1.7039765448200015,1.0
3,21250.837130266635,4991.849104594759,1018.799413328903,61487.603305785095,11574.465994683369,147878.65500535924,1.2874812553052861,1.0
4,5307.110086203623,3230.2211882823613,8366.064069131098,17851.239669421488,23285.192494010404,106913.49004728222,0.8129154216699116,1.0
5,58199.99783598993,1356.0529535017995,3457.873865372778,6148.760330578512,16882.635382257533,139980.27125856507,1.064338290568391,1.0
6,48641.11515209029,128.37645998992957,812.6158471417148,11900.826446280991,10434.114853639407,165602.20572358317,1.2591543577496016,1.0
7,7093.5772454044945,1823.2822880856984,3603.478828731866,35702.479338842975,13634.275675256209,121578.83141424233,0.924423166445461,1.0
8,6459.507126446691,187.93366363062523,-2.7598909169028047,6148.760330578512,9027.88646747611,113052.38529718193,0.8595924370629424,1.0
9,67654.87240723912,1779.5394883255503,3310.1745694027923,3570.2479338842977,12884.736077040092,162721.63861241943,1.4167092575900044,1.0
10,1232.1306727250364,2786.000249571516,639.3015958635951,49586.77685950412,10260.152857423845,106253.53822192442,0.9250790032248652,1.0
11,48443.82437064594,1699.5345144046878,2069.317023367388,3570.2479338842977,9637.93376395349,141119.3983857699,1.2286328961745916,1.0
12,103345.66653984218,3565.221375467838,46.215039451257326,27768.59504132232,11097.023311135765,209118.45290917056,1.820655511434297,1.0
1,50177.132919025025,3721.836783115228,4003.626302315941,61487.603305785095,9399.235947550376,188126.95705565944,1.6378964957316269,1.0
2,100364.54355633014,4872.188420032646,1258.7412290673528,55537.19008264461,10110.676855975924,226457.0808643344,1.9716114319096127,1.0
3,13877.648587290301,2700.953973960917,1291.394131046749,63471.07438016526,9841.81578089536,168431.39913347826,1.4664203510732323,1.0
4,67793.24796457171,3873.508919385611,-2.477407607540954,41652.89256198347,12034.412671628466,186413.3281914312,1.4173914744024492,1.0
5,43564.62445750982,5191.0766101634945,2869.6063316111686,59504.132231404954,10899.422203597196,161895.8684924912,1.2309732676763885,1.0
6,33824.81711959014,1579.6264270342945,5261.0571697328705,35702.479338842975,18364.808595985418,137971.96693455437,1.049068173058686,1.0
7,11407.749840232847,4345.804199673323,1014.9414538007113,11900.826446280991,11941.700294042781,128868.05278033605,0.9798466724767658,1.0
8,9729.855636222126,2082.1280342777027,6242.579946526341,6148.760330578512,21786.128570334567,106502.56760339647,0.8097909778640151,1.0
9,51357.57414236262,1719.3439657098497,757.4585136090172,3570.2479338842977,9556.442403912131,145695.3368600635,1.2684725539728707,1.0
10,55448.18587999098,3872.189334411378,1581.5195389687724,31735.537190082654,10589.445595293722,161109.2097501207,1.402670910164897,1.0
11,19657.383390943658,2386.5691061232064,568.90899818865,47603.30578512396,9923.862268519948,125057.08519535502,1.088789000862232,1.0
12,21230.178420179447,4771.81723257275,1043.392801621565,11900.826446280993,11529.053347073128,126585.80825313153,1.102098577429377,1.0
1,70396.94894015782,1623.2444393655896,2029.6860327102913,11900.826446280993,9970.333617416674,174705.15553624695,1.5210417821960909,1.0
2,5763.578405589129,3581.089089787536,9.730019367067143,55537.19008264461,10314.51992493199,118188.38300467996,1.0289877718177294,1.0
3,142270.31662970787,2102.880077545342,986.181311480148,3966.9421487603304,10106.144010300539,247502.31224139212,2.154838287134544,1.0
4,20554.633139450787,3098.6977926959516,3833.7755133961327,119008.26446280991,10482.197732287279,137831.40546504554,1.0479994156342882,1.0
5,52103.36494864801,4369.047178992158,2561.314457578177,11900.826446280991,10799.712658728706,169041.96403009785,1.2853085182109834,1.0
6,50529.932532916246,5662.846917869669,3656.464119352546,41652.89256198347,10373.92836194484,169551.4584376029,1.289182452743775,1.0
7,51607.261052560796,1720.2909702567558,854.4832303338335,41652.89256198347,9801.32012109715,170570.314547006,1.2969293127838888,1.0
8,104711.3535276407,3202.546302160219,2757.3801117856055,41652.89256198347,9439.392661894777,224634.54904114312,1.7080060624216176,1.0
9,50631.81576861015,6006.315289091435,1643.3282760562433,59504.13223140493,11413.104945906161,208712.11464547738,1.817117793987521,1.0
10,146603.33501850496,1435.4317991378193,4058.2444425403664,61487.603305785095,14100.437479942091,277104.5962348527,2.412565717468712,1.0
11,16066.78759689045,4255.532694647205,3716.3646023040055,87272.72727272732,9081.84413337241,197355.9805179866,1.718247474796782,1.0
12,53287.51616271867,2725.532192457351,1264.2039388672565,61487.603305785095,9928.224828414594,180688.9968000957,1.5731391147127298,1.0
1,98769.94915581004,7672.157670106884,3214.356559279753,61487.603305785095,11738.954451119002,210690.18930982874,1.834339576616355,1.0
2,45447.58069837528,5175.309117028955,2993.310190088465,55537.19008264461,9441.658896639525,193340.91995586036,1.6832910085477095,1.0
3,52869.82964767197,760.8563987703528,2801.885957021761,61487.603305785095,14505.654919287272,168176.46182020853,1.4642007811691053,1.0
4,10838.819992962071,5651.926349896035,2114.7870450748014,41652.89256198347,12076.683608948806,128822.84494705955,0.9795029352661061,1.0
5,22333.244058072407,2218.297567419664,4507.4865219188505,6148.760330578512,17255.369869075945,125462.76985097831,0.953954645126429,1.0
6,25270.088776442226,83.00639964135189,-0.8064677446673159,5950.413223140496,8955.713821936926,135910.54444972915,1.0333941722590636,1.0
7,69946.37460371359,5129.612422691513,4482.362968983274,5950.413223140496,9785.509397611435,190768.24588639903,1.4505040381469954,1.0
8,109523.4587212303,2578.8383549950086,441.02947960604797,59504.132231404954,10894.063107780088,232031.31814383322,1.764247306360517,1.0
9,117409.91665824741,5816.826413804491,3259.003392544808,63471.07438016526,10468.741423495861,278059.2420196792,2.4208771844169052,1.0
10,9596.858465644507,7598.5643746625865,332.7804563228274,89256.1983471075,12910.849150751827,192754.83690580417,1.6781883725995252,1.0
11,48737.75154500856,2905.1343836119922,3523.529088496405,59504.13223140493,10224.144871711529,171145.91664281188,1.4900538525433287,1.0
12,104202.42649842089,3692.573062490381,2417.3201770175365,57520.66115702477,10016.317091067083,209086.61777861373,1.820378344091582,1.0
1,49228.9559189813,712.4189815759892,4671.306570969027,61487.603305785095,16732.1478802159,176136.934922201,1.533507334584849,1.0
2,14614.35307554725,3256.7947326508292,1456.971909343556,55537.19008264461,9467.986116479846,127545.93462193108,1.110457760183027,1.0
3,87411.56982417611,3523.737419309735,2798.0775078030856,13884.297520661159,9938.725347388292,191860.14148956438,1.670398853702599,1.0
4,4265.84767198049,3398.811854965199,-4.196207473258255,65454.54545454545,11923.887729026808,122150.56404041109,0.9287703285171404,1.0
5,45399.508644218215,2732.6324399383593,394.74287731881486,6148.760330578512,11935.510483123919,151803.69143354642,1.154237522114147,1.0
6,37451.59446081035,6500.581706786383,1125.9708331698494,23801.652892561982,13610.049136319532,157218.1947390918,1.1954066321657781,1.0
7,116304.53612651021,2410.9865262610547,796.5005324607482,29752.066115702477,10766.722922295834,234618.42782140407,1.7839183633386282,1.0
8,6862.815676095773,4455.063033969811,10196.257818996295,105123.96694214875,22903.395938162033,107712.68583216258,0.8189920971032504,1.0
9,6235.85417032803,489.99921615968924,2151.753046246813,3570.2479338842977,14422.75368480418,94293.78455371501,0.8209533695062585,1.0
10,104980.7602598495,1302.9900468737906,509.9155414912384,3689.2561983471073,10092.495694218826,186285.86742638116,1.6218673508428878,1.0
11,55659.51177497845,1302.8088838663534,791.6111798467173,59504.13223140493,9373.45992848921,173578.9847454851,1.5112369609166056,1.0
12,94826.56928024329,2493.370227700827,4532.466052009084,59504.13223140493,13774.340419913566,193087.98555010158,1.6810888766293175,1.0
1,9547.071019960564,2729.622732437798,644.4094232876378,61487.603305785095,10567.960038476158,132664.70653495105,1.1550235082820854,1.0
2,48397.20701887497,2104.8103972045064,2385.4438668859366,17851.23966942149,9157.243256806307,153772.7971579168,1.3387976372215782,1.0
3,9595.433317474102,4566.533512637805,12596.926953218965,39669.42148760331,33756.6683095975,81911.74723760891,0.7131511924686094,1.0
4,20616.589954813106,936.3964797827357,1528.5496879167913,5950.413223140496,12050.6701927599,83935.10056838756,0.6381995166492247,1.0
5,3927.8291261070954,1265.6036160221265,8643.657743064672,6148.760330578512,45384.98373520429,28951.131501669304,0.2201295763714415,1.0
6,48599.881015547166,343.1576461304612,1284.1315438213715,5950.413223140496,3878.1315016693043,66781.49389471576,0.5077722768675954,1.0
7,45794.71794571157,2864.8219377768546,2063.878511592324,6148.760330578512,10712.35355256076,96516.04138347259,0.7338585471717162,1.0
8,76469.225515717,2338.1040663816675,1953.261670572785,6148.760330578512,9888.664836194856,157332.68412822508,1.1962771508440373,1.0
9,5593.229811242101,4928.630400398397,800.7175668891869,43636.36363636363,12311.400608719981,111106.06252789279,0.9673267102020565,1.0
10,41880.744103008496,95.23813329471159,4017.1148205588834,3689.2561983471073,20827.66992553939,124548.00381975061,1.0843567673631382,1.0
11,5065.769740939718,3174.651672238586,2448.3311455988587,9917.355371900827,9727.997685962882,110694.74102946636,0.9637456070394066,1.0
12,20596.253793240172,942.0748906973167,2084.733388424618,3689.2561983471073,12769.916820076725,113689.16330655539,0.9898160534610418,1.0
1,49288.475960317715,2010.470296619038,6221.399786020236,3689.2561983471073,20873.545434747695,134203.90814437708,1.1684243146405144,1.0
2,43160.14945908887,545.0040581275825,147.637868442107,19834.710743801657,8861.079401778132,149065.6336475716,1.2978154901699512,1.0
3,100588.47211334216,2605.1483280528046,65.46327292794012,35702.47933884298,11777.45940479895,204713.8520723967,1.7823075766749308,1.0
4,7538.328723168435,6161.614135954034,2974.6288619439874,77355.37190082645,11926.021742830557,126157.77242591816,0.9592390887548152,1.0
5,69577.68765279291,4365.681732083845,1766.098403760363,6148.760330578512,12368.960025591952,179817.32305086407,1.367238829513486,1.0
6,43223.274328077714,630.1891409312375,1244.8932741337921,53553.71900826446,10899.665620541686,157972.50861693308,1.2011420485646407,1.0
7,105089.78193777903,1301.0221498799801,4289.851605483098,29752.066115702477,18802.346812148604,211519.04817125795,1.6082825110218864,1.0
8,15878.710929483677,5157.27795771067,3155.5596582487633,83305.78512396694,11080.804068814185,135012.88820742242,1.0265688539348121,1.0
9,6657.848482049756,1300.982159413339,2380.886690028856,21818.181818181823,12406.761042398402,106365.88929827645,0.9260571694437247,1.0
10,969.4336659932862,2779.6464560207387,1827.3706004647102,3689.2561983471073,10446.790822438184,94151.55179904048,0.8197150433561643,1.0
11,20586.276778959207,2270.3675498690136,3217.7197659747035,3570.2479338842977,12459.169791893037,97761.05863611665,0.8511406226154795,1.0
12,102528.93042908232,5509.143046837082,13.16696035086352,3689.2561983471073,14541.615685722118,187555.09326761594,1.6329176574559663,1.0
1,103122.73706799054,5876.103071197111,791.4916609566717,61487.603305785095,12776.301926811453,221498.53651325032,1.9284406787986292,1.0
2,43109.26222342659,10684.072007727635,233.12399992762948,55537.19008264461,14606.51255358819,204915.04410824415,1.7840592221362783,1.0
3,72082.97332113225,6167.685905282298,2619.283086120995,61487.603305785095,12341.762486713873,206717.0544560387,1.7997481296704154,1.0
4,47144.08803348527,3638.5080148520356,1101.9745240391057,77355.37190082645,11519.744996812191,167522.55908269825,1.273755741167072,1.0
5,21216.83060265952,7275.150409204274,2652.4638937862765,41652.89256198347,14146.41887286036,137562.76476593196,1.0459568093448384,1.0
6,101067.34322042922,4191.757107406971,12.247490349749569,11900.826446280991,13260.569332911662,217648.22182422577,1.6548856083708452,1.0
7,71066.9524007638,5523.942579345516,5586.798547376122,89256.19834710743,9817.845371414485,189578.27453843696,1.4414561054709982,1.0
8,15803.26150319274,2556.6916823799547,5282.324808073958,59504.132231404954,17297.333542923687,125854.43714160706,0.9569326826086493,1.0
9,20499.204354336525,3852.227868673115,30.99328972895455,11900.826446280993,12709.299126286716,125564.75050232005,1.0932089055919756,1.0
10,16143.895411161891,4492.219230923729,2350.0404306552955,11900.826446280993,11440.951659162603,120509.0466083068,1.0491922488562209,1.0
11,47271.616509532425,1300.5760246387945,3713.071790760616,5950.413223140496,16567.699943400814,142850.05418517612,1.2437005670364896,1.0
12,269.8010871560336,12.397817457123892,879.1174000296742,29752.066115702488,11828.17215413988,100672.89741991722,0.8764920693978316,1.0
1,20251.12991926477,2580.3417443428916,-3.2707576720276847,3689.2561983471073,12081.100535604253,107737.28310724554,0.9379969847106775,1.0
2,7098.308455002082,1162.4473912271205,486.5056694037921,3332.2314049586776,9371.765003254563,102807.53687585772,0.8950769577054706,1.0
3,28210.581013880863,2762.4486368544895,789.2628777292848,3689.2561983471073,11985.331018808072,117316.7164317086,1.0213987497676156,1.0
4,39067.402378367944,1736.020640961855,6.110874658988905,5950.413223140496,11507.801762327485,140655.81359091142,1.0694747684788244,1.0
5,18399.09941320245,1538.7744133453816,2544.2316716866044,11900.826446280991,13389.539208240136,132759.09009125154,1.0094321273612463,1.0
6,20236.193133321587,2142.819292537053,747.9744841226202,5950.413223140496,10852.088351062375,137587.62645878468,1.0461458449241638,1.0
7,7382.587675401336,1489.5621664847422,2242.4431959052745,11900.826446280991,12275.695777052486,120040.810881432,0.9127288460242161,1.0
8,51448.728446903864,4646.060579936544,10.70914843234641,6148.760330578512,14858.796428934034,155117.33400032754,1.179432763081839,1.0
9,41373.3187023537,3567.5086073179264,977.0817289808474,41652.89256198347,11561.195932804138,145866.99108623073,1.2699670333389175,1.0
10,41701.454185136856,1738.2386933899252,2163.8691462723364,31735.537190082654,10890.162131088173,144517.11549731434,1.2582145629255164,1.0
11,47060.1099646827,4399.770827192406,12.726679638493806,29752.066115702488,12944.725060282059,153267.47843356637,1.3343981626284913,1.0
12,69797.16757086605,5394.4344977910805,2691.3934088061505,39669.42148760331,11680.734428995978,174417.53117681804,1.518537627885785,1.0
