mo,inflow,precip,evap,outlow,demand,storage,% full,% redu,deficit
1,229.3325179156435,820.5963005951198,2089.593770495412,6149.325006887686,5270.733034330449,119058.86700679721,1.0365664980086626,1.0,0.0
2,10057.238739486613,3665.321769180591,40.99338768530288,4364.037101662227,4756.996292574832,123619.40073354208,1.076272036899037,1.0,0.0
3,3646.024685322256,2039.8750450700318,5158.739812703134,6149.325006887686,7498.984806880201,110498.25083746335,0.962034897410312,1.0,0.0
4,6917.994679209563,2531.5545262130618,713.6938686916255,595.0959684084856,4152.307075713869,114486.703130072,0.8704982552662099,0.85,14.999999999999986
5,4842.6707622245085,2978.5946861062985,1068.4066248805902,614.9325006887685,4273.3235298384525,116351.305922995,0.8846757399314804,0.85,15.0
6,7122.773940938851,2853.06887999663,14.750844657901325,595.0959684084856,5118.608698577836,120598.69323228626,0.9169706976959399,1.0,0.0
7,5043.930102133827,2056.931211356801,1810.0597451657668,614.9325006887685,4464.281667061145,120810.2806328612,0.9185794999236322,1.0,0.0
8,11267.183509575441,3853.501256179574,-12.869328808301361,614.9325006887685,5628.066306912524,129700.83591982322,0.9861787289524867,1.0,0.0
9,11074.8534883955,3864.5100777325715,2416.6409844258887,5950.959684084857,4640.901001531984,131631.69781590853,1.146029787299933,1.0,0.0
10,7581.709181928634,5300.442754054471,4050.354008768598,6149.325006887686,4724.293955410667,129589.87678082466,1.1282530073497552,1.0,0.0
11,3786.293788477736,1339.2547282388696,3917.3507832932373,5950.959684084857,6412.246814844877,118434.86801531828,1.0311337531353106,1.0,0.0
12,12603.825092356548,3985.2888030327013,1919.5613363669545,3768.941133253741,4937.241442807155,124398.2379982797,1.0830528558025265,1.0,0.0
1,13658.457940330301,2676.6250999328186,3128.1088931629347,6149.325006887686,4806.615340303557,126649.27179818867,1.102651112375366,1.0,0.0
2,1605.1524311271194,5312.28163819875,4385.875457128306,5554.2290384791995,4248.773424151558,119377.82794775548,1.0393434791263458,1.0,0.0
3,2003.7093406174808,1607.7517074692878,502.4611056725262,4562.402424465055,4834.219075476126,113090.20639022854,0.984601333307695,1.0,0.0
4,9356.844460816916,242.66398259805283,2220.105546929568,595.0959684084856,5664.53445636383,114209.97886194164,0.8683941856580247,0.85,15.0
5,13219.917450390625,3901.8686083215143,-7.937060654381639,614.9325006887685,5040.406709550747,125684.36277106866,0.9556395242001048,0.85,15.0
6,1995.2660332807543,4018.3050074400817,-26.395243089689757,595.0959684084856,5604.759184885566,125524.47390158515,0.9544238111249912,1.0,0.0
7,17659.294352822417,5488.804292799861,4552.045674806257,614.9325006887685,4833.580217084503,138672.0141546279,1.054390973585011,1.0,0.0
8,8609.00401242397,3929.0068512589205,2525.003326307982,7736.247589310313,4954.696992173513,135994.077110519,1.0340293118297497,1.0,0.0
9,4947.375951770044,3045.4599184835097,2121.1530248225317,5950.959684084857,4644.208185846965,131270.59208601818,1.1428858794898415,1.0,0.0
10,6181.663567427393,4215.290415956202,3203.927973110025,6149.325006887686,4824.354898735845,127489.93819066821,1.1099702364385602,1.0,0.0
11,17009.365357596962,992.4734519265621,4611.708432002197,5950.959684084857,7530.179596663236,127398.92928744144,1.109177882349553,1.0,0.0
12,11423.432670276889,4186.360075722201,2375.1555039519008,6149.325006887686,5012.5902394701325,129471.65128313084,1.127223696444984,1.0,0.0
1,7079.920542819623,2385.7069826068764,604.5031697524246,6149.325006887686,5022.599102210815,127160.8515297064,1.1071050974004482,1.0,0.0
2,4393.568219152591,4337.371234081496,3777.3450719712564,5554.2290384791995,4303.615956691034,122256.60091579899,1.0644070438071396,1.0,0.0
3,5029.128936789173,3922.2700337418646,1294.2500892858516,6149.325006887686,5479.532159486689,118284.89263066983,1.0298280170472656,1.0,0.0
4,4667.359879346999,3098.43802094736,-2.9281908500706777,595.0959684084856,4808.8237335515905,120649.69901985419,0.9173585195815602,0.85,15.0
5,7191.554746543964,2299.216107819273,2341.6692895140586,614.9325006887685,4002.3620781065733,123181.50600590803,0.9366090832171181,0.85,15.0
6,11234.558987022208,5166.223004030806,1979.3220173970913,595.0959684084856,5524.983492650895,131482.88651850456,0.9997285290125492,1.0,0.0
7,539.4656082043908,884.5199719673546,2106.334757903125,614.9325006887685,6023.977290371465,124161.62754971295,0.9440614254586591,1.0,0.0
8,907.1806563708316,3967.894093466908,-16.682026656111702,614.9325006887685,5998.184415461405,122440.26741005664,0.9309730845658902,1.0,0.0
9,3336.1380307614763,7808.558959649454,1973.8501093567174,5950.959684084857,6201.965968991369,119458.18863803464,1.0400431262958043,1.0,0.0
10,6356.175453885913,3772.2368480873993,4245.997868816252,4760.767747267884,5148.899020997962,115430.93630292585,1.0049805143749082,1.0,0.0
11,6755.214335092117,1774.4491794694186,4069.3836775937816,595.0959684084855,6757.665520343911,112538.4546511412,0.9797975972875689,1.0,0.0
12,882.7104952949019,2450.5813782937475,964.2545158153225,368.9595004132611,5124.877918762133,109413.65458973913,0.9525920380708843,1.0,0.0
1,6531.822864193115,1402.7417678406782,983.3041758808831,368.9595004132611,4870.4526937144365,111125.50285176435,0.9674959641933157,1.0,0.0
2,6393.2684288710525,3642.4084598961927,27.634695597327664,333.25374230875195,5306.382487093883,115493.90881553164,1.0055287742273966,1.0,0.0
3,2246.8985305740475,2287.6904140598344,4354.22610412295,793.4612912113141,7293.210115300088,107587.60024953118,0.9366937954604048,1.0,0.0
4,10971.945529784807,4197.283114487989,12.809628623988829,595.0959684084856,5429.940077851944,116718.98321891956,0.887471369780649,0.85,14.999999999999986
5,7052.736358471333,3816.6823925274075,3905.0657310637616,614.9325006887685,4181.775322561523,118886.62841560424,0.9039530336783891,0.85,15.000000000000014
6,4980.031319171483,3671.469804598193,2970.098371137952,595.0959684084856,4905.898702249914,119067.03649757756,0.9053247643361867,1.0,0.0
7,638.8821105604618,1335.8350723409822,307.8346876310243,614.9325006887685,5209.646330286511,114909.3401618727,0.8737117707988863,1.0,0.0
8,11461.478339881176,2331.6938015259366,0.6148964995372808,614.9325006887685,5673.124355962024,122413.84055012948,0.9307721482577442,1.0,0.0
9,9966.967042062786,110.07779598952038,2287.247921842878,5950.959684084857,6981.453818000833,117271.22396425321,1.0210026770612182,1.0,0.0
10,11687.65698019131,5105.926051194838,2155.3138193486957,2578.749196436771,5727.370344270656,123603.37363558322,1.0761324995993624,1.0,0.0
11,9279.8272334188,2003.068625359665,3974.5618613907573,5950.959684084857,6541.283550451809,118419.46439843428,1.0309996440713534,1.0,0.0
12,271.14800291211213,3619.4381124586653,2340.5618981789303,3570.5758104509127,5231.186177294177,111167.72662788104,0.9678635785746913,1.0,0.0
1,4764.471746913239,1426.9836874342145,1852.4897005764797,368.9595004132611,5325.905519622924,109811.82734161583,0.9560586638283067,1.0,0.0
2,10201.13838748854,1793.0782860318723,0.37437280840822496,333.25374230875195,4965.851403840408,116506.56449617867,1.0143452948189873,1.0,0.0
3,6188.509667998857,2276.8585570012947,815.5150928958319,1785.287905225457,5448.171704786902,116922.95801827064,1.017970556723787,1.0,0.0
4,8441.283874627698,4257.980963709531,2524.332709928669,595.0959684084856,4658.776547803988,121844.01763046673,0.9264395066162642,0.85,14.999999999999986
5,11937.397465545886,3691.0049708312727,3829.684746559724,614.9325006887685,4359.515127874831,128668.28769172056,0.9783277610543161,0.85,15.000000000000014
6,3393.80235760926,965.8187379132578,4602.245408396382,595.0959684084856,8901.178214229141,118929.38919620906,0.9042781647538121,1.0,0.0
7,4649.809088792881,2790.4911766171717,3758.1058059270144,614.9325006887685,6203.306284272511,115793.34487073083,0.8804332898545433,1.0,0.0
8,97.16239057891349,3627.778625531675,839.7810456575535,614.9325006887685,6022.196085757562,112041.37625473754,0.8519052421010409,1.0,0.0
9,6860.673625471131,1965.0295730705257,1837.7483532848273,357.05758104509135,4880.441462424145,113791.83205652512,0.9907099220933123,1.0,0.0
10,1302.1301363477323,3387.0102643315186,1444.927248656677,368.9595004132611,5601.454427134544,111065.63128099989,0.966974702182364,1.0,0.0
11,5378.423144490141,1735.696095739142,2875.5098372261564,357.05758104509135,6090.349730369267,108856.83337258865,0.9477441654714781,1.0,0.0
12,5259.717139874377,2202.794670312782,505.87670631821675,368.9595004132611,5542.919435534797,109901.58954050954,0.9568401636905177,1.0,0.0
1,4627.839856600186,564.2535516032949,534.24383455106,368.9595004132611,5058.771296973011,109131.7083167757,0.9501373190890917,1.0,0.0
2,4748.43895682655,2818.8384551773634,3922.990806777787,333.25374230875195,5712.924568813956,106729.81661087912,0.9292256429009156,1.0,0.0
3,11554.02360377549,1494.184181186225,814.0986240808852,368.9595004132611,5344.824788789124,113250.14148255758,0.9859937819571075,1.0,0.0
4,4937.2621751742945,4742.5253507364105,2206.5424833584693,595.0959684084856,5089.61033702441,115038.68021967693,0.8746952063558234,0.85,15.0
5,8027.89727088834,1413.9999691822886,2020.113471223056,614.9325006887685,5068.425818599079,116777.10566923665,0.8879133031249549,0.85,15.0
6,813.1333893172492,1407.122740425344,1614.6563823916222,595.0959684084856,5204.967673278238,111582.64177490091,0.8484172600611132,1.0,0.0
7,7272.418194771532,4328.146916447586,3958.0192616924614,614.9325006887685,5270.758921618338,113339.49620212046,0.8617754813378128,1.0,0.0
8,6926.807973196545,1916.4971317087038,3744.934455709299,614.9325006887685,7501.943298913892,110320.99105171375,0.8388243141271037,1.0,0.0
9,4285.127583710982,3108.0203803553595,1702.3573980613291,357.05758104509135,5486.917869276663,110167.80616739701,0.9591579350886671,1.0,0.0
10,860.2588109072706,4359.5705189548025,970.4728356045671,368.9595004132611,6282.940884879479,107765.26227636177,0.9382405807575501,1.0,0.0
11,9802.129944018841,6679.7446283578465,223.81960632298433,357.05758104509135,7166.07590132381,116500.18376004657,1.0142897419863972,1.0,0.0
12,5847.4045840913095,5055.865835859455,1095.193777348817,1785.287905225457,6324.431789810852,118198.5407076122,1.0290762081922809,1.0,0.0
1,6137.50145584377,1260.1498325041757,1052.7950491630181,3372.2104876480844,5257.2052384004755,115913.98122074857,1.0091860657247274,1.0,0.0
2,10132.369057552967,388.8132216431695,3621.1595796589536,1190.1919368169713,7931.5292526598205,113692.28273080895,0.9898432122166692,1.0,0.0
3,765.6232329169688,1358.39681168909,808.6081952376553,368.9595004132611,5432.275089950801,109206.4599898133,0.9507881322699063,1.0,0.0
4,4712.092283505794,4461.741227911902,-0.10247933803475462,595.0959684084856,6076.54332737226,111708.7566847883,0.8493761732450774,0.85,15.0
5,5137.7343721085535,2700.723352273475,2742.152069120959,614.9325006887685,4511.1759908366175,111678.95384852398,0.8491495677418985,0.85,15.0
6,9880.335881533625,1408.5084301344177,3616.4039411546983,595.0959684084856,6798.347115412286,111957.95113521656,0.8512709202190851,0.85,15.0
7,682.6231849689233,4813.4491371870245,-6.088677976978943,614.9325006887685,7321.215693526023,109523.96394113469,0.8327641281824469,1.0,0.0
8,4311.4063894643805,1771.9801944372884,2620.2165171799134,614.9325006887685,6505.54974955166,105866.65175761601,0.8049557994623879,1.0,0.0
9,704.7068894228961,995.8393320116593,2049.899243457854,357.05758104509135,6451.184219871915,98709.05693467571,0.8593942143147809,1.0,0.0
10,695.0904178950364,4297.869047444488,692.8367184049857,368.9595004132611,6653.808803015573,95986.41137818141,0.8356899473352117,1.0,0.0
11,708.2161169980048,2473.5507774479192,3668.4709380827844,357.05758104509135,6663.0017579708965,88479.64799552856,0.7703335431751429,1.0,0.0
12,4849.639486751688,2081.194405466842,885.1793889098481,368.9595004132611,5777.451501730813,88378.89149669318,0.7694563232437333,1.0,0.0
1,8800.422058638002,5561.839500494156,1934.8650080530642,368.9595004132611,6670.781424487196,93766.54712287181,0.8163630632901157,1.0,0.0
2,1970.9273646608594,1364.883907402531,2393.3173168768844,333.25374230875195,6061.626450737218,88314.16088501236,0.7688927567900049,1.0,0.0
3,14460.052457958775,1615.182467017119,2318.0250696782023,368.9595004132611,5614.590374608989,96087.82086528781,0.8365728524019023,0.85,15.0
4,6648.802049955874,1008.1489343227295,3455.1409591572738,595.0959684084856,5108.969771549452,94585.5651504512,0.7191801946055779,0.55,44.99999999999999
5,12957.33627080698,1303.208737496112,855.859402309492,614.9325006887685,3095.0682740153156,104280.24998174072,0.7928936128477406,0.55,44.99999999999999
6,2005.410014641209,2551.5881196502596,956.5535922689305,595.0959684084856,5038.005317948766,102247.59323740602,0.7774383320061903,0.85,15.0
7,1115.6402661608704,4510.4783419284795,4738.897799869199,614.9325006887685,5764.757158138902,96755.1243867985,0.7356764118806208,1.0,0.0
8,4848.117602193866,3431.0496287858405,1950.6548313313979,614.9325006887685,6134.5290351367985,96334.17525062125,0.7324757302417951,1.0,0.0
9,1788.5517387481989,2742.27615681311,3286.0364366656577,357.05758104509135,6026.6240966011765,91195.28503187062,0.7939767916235176,1.0,0.0
10,5115.290072071807,4101.807867033305,2176.859901789212,368.9595004132611,6203.313665453011,91663.24990332025,0.7980510510229618,1.0,0.0
11,6610.853979284068,2315.0767397103336,3193.5270177195052,357.05758104509135,6445.213782311818,90593.38224123823,0.7887364236987008,1.0,0.0
12,4383.861955420111,1690.210427281767,663.7615932955232,368.9595004132611,5876.26415756936,89758.46937266197,0.7814673917476992,1.0,0.0
1,6021.928839786551,2621.6514010799,758.6071816401673,368.9595004132611,6218.737540370114,91055.74539110488,0.7927619126279559,1.0,0.0
2,10154.372851982209,1223.9418458170985,-0.9591126207378693,333.25374230875195,5456.669646336742,96645.09581287943,0.8414246753309751,1.0,0.0
3,731.837098311785,420.93303260229004,174.909053762065,368.9595004132611,4789.3790433759805,92464.61834624219,0.8050280339338342,0.85,15.0
4,679.2094900851127,199.58362090270384,334.1310504881403,595.0959684084856,3072.258558233337,89341.92588010004,0.6793102471681003,0.55,44.99999999999999
5,4803.8001927889145,2107.994742851428,3501.4389236097923,614.9325006887685,4551.853934432148,87585.49545700967,0.6659552498016416,0.55,44.99999999999999
6,1486.3013856333368,2291.1348996063316,690.0984173526667,595.0959684084856,5283.9814317015525,84793.75592478664,0.6447282922116687,0.85,15.0
7,433.5412577237176,1368.3315135218,2528.930475561021,614.9325006887685,4229.383451652806,79222.38226812957,0.6023664203526633,0.55,44.99999999999999
8,7694.306714151627,1449.3254153465823,417.5694681006862,614.9325006887685,5255.942476686946,82077.56995215137,0.6240758051934056,0.85,14.999999999999986
9,4716.860843372719,1196.0816660912533,-1.1369869248446776,357.05758104509135,6020.905585139611,81613.68628235548,0.7105561736485284,1.0,0.0
10,2081.7556207171397,2797.179430436692,2086.8789982286544,368.9595004132611,5914.720954994679,78122.06187987272,0.6801569184713687,1.0,0.0
11,1883.2752229404357,3449.215422066889,1439.0929105052783,357.05758104509135,6396.167206166986,75262.23482716268,0.6552583032949885,1.0,0.0
12,518.2940779488835,1561.1364356197446,6.514328405726701,368.9595004132611,6308.694366016611,70657.49714589572,0.6151679099247329,1.0,0.0
1,6283.538236171036,990.1100721949624,0.9611289082968142,368.9595004132611,6079.194175317008,71482.03064962315,0.6223465756380625,1.0,0.0
2,4209.615250572367,2576.628573719092,1536.302404600734,333.25374230875195,4771.696568194448,71627.02175881069,0.6236089169493093,0.85,15.0
3,10438.188767359237,1165.9733715576876,1334.748057730263,368.9595004132611,5138.400436238865,76389.07590334523,0.6650689603045514,0.85,14.999999999999986
4,2105.9142267048574,863.9033644454903,98.14466109556088,595.0959684084856,3300.649623692978,75365.00324129856,0.5730368858219858,0.55,44.99999999999999
5,4906.549437055865,911.8975349669636,1670.6451359703206,614.9325006887685,4066.6481659760466,74831.22441068625,0.5689783049733597,0.55,44.99999999999999
6,42.487929711745416,2076.066320134152,1449.3347518941737,595.0959684084856,3240.450100370704,71664.8978398588,0.5449031793897638,0.55,44.99999999999999
7,4688.332114934303,1305.4695876707701,1512.6700810207112,614.9325006887685,3399.9181932556094,72131.17876749877,0.5484485407538111,0.55,44.99999999999999
8,4131.4280475783125,1041.6897919336188,1336.0148678222467,614.9325006887685,3508.6321046484504,71844.71713385124,0.5462704332053077,0.55,44.99999999999999
9,1945.4272905371447,1088.6102885097353,785.2726540032163,357.05758104509135,4868.704925116943,68867.71955273287,0.5995855048624266,0.85,15.0
10,10534.063000106953,4958.988101441326,1353.2627301344328,368.9595004132611,6502.911992125637,76135.63643160783,0.6628624311120552,0.85,15.0
11,8835.732504650074,2068.0481872349337,680.0978275563248,357.05758104509135,6264.844448254001,79737.4172666374,0.6942207452017415,1.0,0.0
12,1995.5127806374605,2849.7455105303816,3481.0628348495666,368.9595004132611,6763.032864605909,73969.62035793652,0.6440043674284176,1.0,0.0
1,10868.988795895848,2259.8480753915646,-1.585164359115879,368.9595004132611,6858.361705961716,79872.72118720808,0.6953987465941517,1.0,0.0
2,5199.65020099833,2803.0005529253394,8186.147945081102,333.25374230875195,11094.683357718059,68261.28689602384,0.594305698401585,0.85,14.999999999999986
3,1032.013246448793,2144.961924454925,2432.5510805884405,368.9595004132611,5509.982558096468,63126.7689278294,0.5496028598557586,0.85,15.0
4,315.11920180978285,1019.2011849878108,1239.3884605474595,595.0959684084856,2485.936658691905,60140.66822697914,0.4572788396452482,0.4,60.0
5,2205.134985092487,1156.4052185703695,519.5630930228363,614.9325006887685,2544.514054253226,59823.19878267717,0.4548649645854413,0.4,60.0
6,6511.213457096523,819.180544330593,0.018836263712728396,595.0959684084856,2508.1789570622427,64050.29902236985,0.4870056698628677,0.4,60.0
7,8758.306723207099,2638.522162174304,2294.383902181966,614.9325006887685,2452.8078867122936,70085.00361816822,0.5328904728842381,0.4,60.0
8,3127.668963735859,1574.5475098701572,1828.51224765995,614.9325006887685,3553.133705845647,68790.64163757989,0.5230488073022976,0.55,44.99999999999999
9,681.3047041667587,3218.482079420908,5717.547109106847,357.05758104509135,9101.100195041408,57514.723535974204,0.5007425071180757,0.85,15.0
10,10694.623728853496,2501.7820016710684,108.6948320321826,368.9595004132611,6376.759361490647,63856.715572562665,0.5559580205950351,0.85,15.0
11,952.8652837477746,1199.8062183409274,2517.3651848024165,357.05758104509135,8441.313340043254,54693.65096876061,0.4761813015133058,1.0,0.0
12,5214.848539485886,1127.3664358546375,-1.7396536782252952,368.9595004132611,3641.3009471139394,57027.34515025216,0.49649922714075007,0.55,44.99999999999999
1,5207.237319034384,2075.8447680765385,2141.4512260786796,368.9595004132611,3344.15961684361,58455.85689402753,0.5089363303388256,0.55,44.99999999999999
2,3420.0338626313774,508.8534311511685,8.729190173515235,333.25374230875195,3127.910454008015,58914.85080131979,0.5129324855102173,0.55,44.99999999999999
3,10024.894003439618,3938.8748961819147,0.2883662739623105,368.9595004132611,4929.577590133361,67579.79424412074,0.5883723944036433,0.55,44.99999999999999
4,54.38906769375481,2506.18081089099,7.490960333510884,595.0959684084856,3078.8404757896337,66458.93671817386,0.5053197172975612,0.4,60.0
5,15765.372127269382,4485.672841921201,589.2217493342905,614.9325006887685,3597.4379520997095,81908.38948524169,0.6227894435702336,0.4,60.0
6,911.2332811076587,2966.9247252296773,672.2691227089526,595.0959684084856,3940.8649389815932,80578.31746148,0.612676257109204,0.55,44.99999999999999
7,267.12811640472034,1702.7139204939594,7146.911423534402,614.9325006887685,9476.610640233846,65309.70493392166,0.49658154739890126,0.55,44.99999999999999
8,1567.0323823114363,187.19788945700566,521.7118977363425,614.9325006887685,3774.8520793338625,62152.43872793113,0.47257531218918275,0.55,44.99999999999999
9,480.3323236783426,2627.0909744526143,595.978013051179,357.05758104509135,3944.5077883547347,60362.31864361108,0.5255346268709139,0.55,44.99999999999999
10,5047.387087572505,2401.209770969712,1389.2663275604573,368.9595004132611,5650.625719145851,60402.06395503373,0.5258806629059393,0.85,14.999999999999986
11,6710.064149222428,2207.560225905363,566.4303308605886,357.05758104509135,5829.174164257015,62567.02625399883,0.5447295520729336,0.85,15.0
12,814.0423626872125,2397.251003276666,2632.4465674279927,368.9595004132611,5519.295277537343,57257.618274584114,0.4985040623292175,0.85,15.0
1,2684.2979799879295,742.1191664750731,1543.5045389577062,368.9595004132611,4289.365907505277,54482.20547417087,0.4743403859951522,0.55,44.99999999999999
2,9161.164013697155,2305.7530994262343,223.01259525906062,333.25374230875195,3744.8496724254333,61648.006577301014,0.5367282579919028,0.55,44.99999999999999
3,6253.622421024318,1230.0099229110638,1324.731526901087,368.9595004132611,3467.7979556270448,63970.14993829501,0.5569456182952072,0.55,44.99999999999999
4,789.2499700546166,2161.9406810978544,-2.2262335730920313,595.0959684084856,3098.664785760052,63229.80606885204,0.48076706166673505,0.4,60.0
5,536.1585613214512,2665.8709062111084,76.90431195659039,614.9325006887685,3333.64361478321,62406.355108956035,0.47450596230507064,0.4,60.0
6,501.08331059066967,917.5341478806295,1367.6504470794534,595.0959684084856,2816.851734711943,59045.37441722745,0.44895078647989956,0.4,60.0
7,4419.943064513274,2368.2946675721905,1241.4588349648475,614.9325006887685,2805.281105302416,61171.93970835689,0.46512009981521923,0.4,60.0
8,10642.359755129872,1013.7845826985795,1206.7477163089352,614.9325006887685,3632.1988212631613,67374.20500792448,0.5122789486104168,0.55,44.99999999999999
9,4391.165376869465,2455.2341184659163,2637.5858267244766,357.05758104509135,5344.256296863063,65881.70479862722,0.573588257160676,0.85,15.000000000000014
10,2067.1283208059644,1269.845789887986,7222.070017996346,368.9595004132611,14837.962028331942,46789.687362579614,0.4073667387543707,0.85,15.0
11,4960.869922296975,2968.2731186501915,391.3833736148881,357.05758104509135,3191.1475123379987,50779.2419365288,0.4421011413007753,0.4,60.0
12,5136.570265882381,3538.968599690568,994.7207433469666,368.9595004132611,3158.4281023854583,54932.67245595606,0.47826230288817073,0.4,60.0
1,2204.436211236145,633.3342352195541,638.5305794156593,368.9595004132611,3374.8815732968606,53388.07124928598,0.46481448582195806,0.55,44.99999999999999
2,1839.9937200415216,2149.6652172496615,204.3173182261453,333.25374230875195,3764.044797152016,53076.11432889025,0.46209848406052934,0.55,44.99999999999999
3,6903.855170395422,2963.1670141223876,1233.7878932278472,368.9595004132611,4207.794845130121,57132.59427463683,0.4974155613796411,0.55,44.99999999999999
4,4184.557012572807,2410.6543110441926,-1.747628443154099,595.0959684084856,3334.5734611921016,59799.883797096394,0.4546876893760524,0.4,60.0
5,1010.6110352545686,781.1928979442819,475.9044408978443,614.9325006887685,2572.131704292111,57928.719084416516,0.4404603112336934,0.4,60.0
6,10616.949748983141,735.1565521162192,1104.8841867770316,595.0959684084856,2820.5061312757657,64760.339099054596,0.4924044509529383,0.4,60.0
7,5007.818751906423,850.1454980598719,4287.215834017923,614.9325006887685,6145.784204676493,59570.3708096377,0.45294259016643734,0.4,60.0
8,181.97288574139324,497.3136236424616,1362.70506896211,614.9325006887685,4715.270477358813,53556.74927201187,0.40721809192154407,0.55,44.99999999999999
9,660.1531935709771,1766.8127148868662,2450.54570388468,357.05758104509135,4291.490015633062,48884.62187990688,0.42560594252622763,0.55,44.99999999999999
10,9726.887372422882,1484.0805965760956,999.4085354100898,368.9595004132611,2634.9690254474453,56092.25278763506,0.4883579988559444,0.4,60.0
11,3480.9416959617183,2582.889129703821,720.369978324241,357.05758104509135,4056.464471964331,57022.19158196693,0.4964543584437436,0.55,44.99999999999999
12,4783.967287614913,1112.585417439739,1219.907282509579,368.9595004132611,3551.3051380623133,57778.572366036424,0.5030396636815231,0.55,44.99999999999999
1,5314.7725090754275,1574.8621557642691,532.3543798797618,368.9595004132611,5886.537064876977,57880.35608570612,0.5039258269426458,0.85,15.0
2,3263.1412995155306,1422.5276094494548,1100.972197405572,333.25374230875195,3213.0532514945144,57918.74580346227,0.5042600607237531,0.55,44.99999999999999
3,10098.88384020589,619.3059974418939,1272.6753311010543,368.9595004132611,4572.371684388161,62422.929125207585,0.5434749940553798,0.55,44.99999999999999
4,6098.064753486821,1055.1120982271968,2636.8438455018186,595.0959684084856,4300.995373698226,62043.17078931308,0.47174449474643154,0.4,60.0
5,4530.628421870884,2323.072171496242,481.01044253696455,614.9325006887685,3186.025464844905,64614.90297460958,0.4912986291490015,0.4,60.0
6,2031.9186055883915,1212.7559841573966,579.1041803551489,595.0959684084856,2631.8456380821463,64053.53177750959,0.48703025007726736,0.4,59.99999999999999
7,7505.830423915752,3310.731849457865,1397.7381504584628,614.9325006887685,3170.267700165703,69687.15569957028,0.5298654410724012,0.4,60.0
8,6125.062494095463,1094.7882028234017,6243.135957125429,614.9325006887685,10597.837459121458,59451.10047955349,0.4520357196617869,0.55,44.99999999999999
9,4617.486757551856,1955.3360229273894,1685.756690637878,357.05758104509135,3449.6515255235477,60531.45746282622,0.5270072062588997,0.55,44.99999999999999
10,956.8741083277898,1484.5625750414765,583.9719404674834,368.9595004132611,5871.368007956534,56148.59469735821,0.48884853045196164,0.85,15.0
11,1662.0748247655536,238.59107348619727,1272.4783264572761,357.05758104509135,4813.041526281973,51606.68316182562,0.4493051226150352,0.55,44.99999999999999
12,5396.809216540785,2372.3790257412184,434.22802594507084,368.9595004132611,3099.778576041055,55472.90530170823,0.4829657515527596,0.4,60.0
1,5017.991172138277,1306.596916537841,2303.3230627864687,368.9595004132611,4795.508176001928,54329.702651182684,0.473012645179743,0.55,44.99999999999999
2,4350.298099230611,2178.5504972602357,649.6442113586745,333.25374230875195,3736.559415747637,56139.09387825847,0.4887658131287583,0.55,44.99999999999999
3,644.787049793826,1357.400166922729,86.57123074593255,368.9595004132611,4126.129193763471,53559.621170052356,0.46630805707013995,0.55,44.99999999999999
4,6639.059515692571,674.6469448410717,2336.713049023587,595.0959684084856,4697.378630648076,53244.13998250585,0.4048411709896361,0.4,60.0
5,981.5551493331029,1595.305910750758,8.699500201983028,614.9325006887685,3213.931218152028,51983.43782354693,0.395255437452203,0.4,60.0
6,16472.464311329888,1261.9192683059737,2177.354344169391,595.0959684084856,3624.978004612496,63320.393085992415,0.48145583895016225,0.4,60.0
7,5120.915958011445,977.9142939485464,1436.2161888169649,614.9325006887685,3090.0072389461084,64278.067409500574,0.48873750402510074,0.4,60.0
8,7176.331310364247,336.4426762005678,552.9356269564378,614.9325006887685,3849.1420461132516,66773.83122230695,0.5077140138311014,0.55,44.99999999999999
9,8615.531471072336,3081.9940738206788,174.4944666539086,357.05758104509135,6958.931781536456,70980.87293796451,0.617983328219503,0.85,15.0
10,5038.171538428519,1375.2572114083014,632.6496069261048,368.9595004132611,6860.423375327249,69532.26920513471,0.6053712974141373,1.0,0.0
11,1077.5782329837816,1623.9412363108859,3043.54939427723,357.05758104509135,9133.810198186775,59699.37150092028,0.5197627863071648,1.0,0.0
12,2514.3371481043905,735.5355423713554,146.90896399759367,368.9595004132611,5763.0555172691165,56670.320209716054,0.49339084805385575,0.85,15.0
1,9169.487340015403,1746.5050420216867,1103.132950434294,368.9595004132611,3775.9486969607747,62338.271443944825,0.542737935838699,0.55,44.99999999999999
2,861.3345438575182,942.2594450219622,2109.840619092647,333.25374230875195,4634.237189445475,57064.53388197743,0.49682300473396074,0.55,44.99999999999999
3,654.0480719510768,2145.9496236605337,2200.0195673117196,368.9595004132611,3628.9465846237213,53666.605925240336,0.4672395022939483,0.55,44.99999999999999
4,4702.831422057814,1226.2523458565192,-3.10523987783381,595.0959684084856,3018.0661055604414,55985.632859063575,0.4256860787441804,0.4,60.0
5,5289.441431965983,2157.1068099351687,413.7321770661656,614.9325006887685,3330.9371980575,59072.579225152294,0.44915763790618723,0.4,60.0
6,14972.321828113016,1128.0093921065345,1151.4575110952137,595.0959684084856,2519.551960095239,70906.80500577291,0.5391390297430417,0.4,60.0
7,633.6840338938366,989.7605486361863,851.5475565084926,614.9325006887685,3610.056149113811,67453.71338199187,0.5128834895659379,0.55,44.99999999999999
8,716.1082562662511,749.4511767091899,2830.9973747110635,614.9325006887685,6714.565205225233,58758.77773434224,0.44677165208615943,0.55,44.99999999999999
9,11155.763842665296,1355.2329366960403,2843.420751784921,357.05758104509135,5600.448315901301,62468.84786497224,0.5438747780317224,0.55,44.99999999999999
10,5757.088638621425,931.6971720614965,570.4990667693346,368.9595004132611,5723.381062958613,62494.794045513954,0.5441006741970142,0.85,15.0
11,2035.2373888309248,2884.558484391113,538.0424649633787,357.05758104509135,6788.878318450737,59730.61155427678,0.5200347727078375,0.85,15.0
12,523.988789463314,2774.5861342350545,1189.3027991226554,368.9595004132611,6413.8902132960875,55057.03396514314,0.4793450359706027,0.85,15.0
1,4870.150886745642,32.232448765440495,1930.250084155079,368.9595004132611,6245.154429010868,51415.05328707502,0.4476367285409279,0.55,44.99999999999999
2,4005.6385133560093,1011.1446898287759,262.05781628577097,333.25374230875195,2597.6373929362785,53238.887538729,0.46351564231454284,0.4,60.0
3,6758.30403341072,172.97933935779292,343.64287971285376,368.9595004132611,3907.40632772615,55550.162203645246,0.48363837609808874,0.55,44.99999999999999
4,9283.920863744443,710.7558506409405,-1.576614571044047,595.0959684084856,2838.427065947977,62112.892498245215,0.4722746229125876,0.4,60.0
5,6740.609353047484,1239.339698335738,1398.9516204365718,614.9325006887685,2827.864439105289,65251.092989397825,0.4961358921913459,0.4,60.0
6,6836.043185196661,1272.2658175791075,2130.707348269156,595.0959684084856,3526.484336352286,67107.11433914369,0.5102481279577563,0.4,60.0
7,352.6250177103397,134.1116856906301,581.0933369466948,614.9325006887685,4306.356993597038,62091.46821131216,0.4721117236073787,0.55,44.99999999999999
8,4259.879468974333,334.79466222464544,2709.6429461087973,614.9325006887685,7663.429845361035,55698.137050352525,0.42350010785815545,0.55,44.99999999999999
9,2391.15058698144,411.55371993925655,855.9240686131743,357.05758104509135,4217.371048690515,53070.48865892444,0.4620495050876732,0.55,44.99999999999999
10,2146.457621830102,2075.971891871406,2101.2686715178424,368.9595004132611,3645.7165881927476,51176.97341250209,0.4455639251619212,0.55,44.99999999999999
11,334.0302867923274,1245.989724156745,1152.9506450765912,357.05758104509135,2576.54138514688,48670.44381218261,0.4237412363082646,0.4,60.0
12,10850.12059598064,1834.2793318826807,415.8793568314941,368.9595004132611,3104.7528092310367,57465.25207357013,0.5003117919447772,0.4,60.0
1,1856.9772102929599,1087.5476283159005,506.2240195915874,368.9595004132611,5973.2356686738785,53561.35772350026,0.4663231760879112,0.85,15.0
2,4626.771927582517,1527.657754426189,-10.656073372578248,333.25374230875195,3929.8180311340575,55463.37170543874,0.48288274886050375,0.55,44.99999999999999
3,170.94542323322597,469.65780409168656,-3.834079548701993,368.9595004132611,3891.914700415122,51846.93481148397,0.4513968341976168,0.55,44.99999999999999
4,6807.554249060749,595.3510958143961,1856.4887011253304,595.0959684084856,4562.091265723435,52236.164221101855,0.39717703954324524,0.4,60.0
5,7002.387768313801,754.2892185593519,2232.7104504886884,614.9325006887685,5009.207701849145,52135.9905549484,0.3964153702906061,0.4,60.0
6,10532.97232364962,2117.5565824173245,11.268056954577332,595.0959684084856,3482.3799653434858,60697.7754703088,0.4615147977963328,0.4,60.0
7,2622.0483559498966,639.6535727686569,504.10596600211284,614.9325006887685,2705.1524656040406,60135.28646673243,0.45723791949664633,0.4,60.0
8,399.5398230754046,1307.2205550450162,1131.86672954206,614.9325006887685,3741.6935058672498,56353.554108754775,0.4284835634928475,0.55,44.99999999999999
9,21.721257604970557,1145.3143704417744,1077.6504715534684,357.05758104509135,3570.2548907648297,52515.62679343813,0.45721869126216563,0.55,44.99999999999999
10,6658.751634029815,1077.915742341247,2217.8718206606936,368.9595004132611,5393.225727418749,52272.23712131649,0.45509965900169397,0.55,44.99999999999999
11,617.3926005149748,1646.0360297376028,1215.6978319605405,357.05758104509135,3745.717697091073,49217.192641472364,0.4285014153147964,0.55,44.99999999999999
12,8533.650735371646,1140.7700930877618,419.1633540945113,368.9595004132611,2914.6297989713557,55188.86081645264,0.4804927648297862,0.4,60.0
1,5190.574087300995,645.7550206709348,1268.2941510868986,368.9595004132611,4596.336295701939,54791.59997722246,0.4770340784902522,0.55,44.99999999999999
2,1816.9995084615844,1088.7652352492878,458.58798907478194,333.25374230875195,3595.23621979823,53310.286769751576,0.4641372680088085,0.55,44.99999999999999
3,1082.8727275918225,1876.685894909133,1084.6446057583453,368.9595004132611,4130.318322857181,50685.92296322374,0.44128867496552066,0.55,44.99999999999999
4,3365.4250670973665,2185.352503088274,990.1661878958184,595.0959684084856,3211.623033434297,51439.81534367077,0.391122010536083,0.4,60.0
5,16241.783647693876,1047.6712385819847,1616.638452020743,614.9325006887685,3682.6250302069125,62815.07424703021,0.47761365330201766,0.4,60.0
6,4642.513260203044,326.46924718945957,604.9342998995708,595.0959684084856,2951.7151019899343,63632.31138412474,0.4838275059375617,0.4,60.0
7,7824.327713990039,1219.9196248724693,500.6036699438773,614.9325006887685,2979.4919058128708,68581.53064654174,0.5214588344244091,0.4,60.0
8,4769.799686182213,828.9430023646564,-8.35832464446139,614.9325006887685,4109.586336219696,69464.11282282461,0.5281695372709259,0.55,44.99999999999999
9,9810.75847590345,2324.4931254113762,825.0042670768598,357.05758104509135,6473.596310095782,73943.70626592169,0.6437787506366219,0.85,15.0
10,5218.052020373198,5162.022629011772,641.6426789314719,368.9595004132611,9772.968346976411,73540.21038898552,0.6402657799639481,1.0,0.0
11,4913.131111022816,47.70900518599956,542.2730355252424,357.05758104509135,7745.832425261111,69855.88746336289,0.6081888267007556,1.0,0.0
12,4482.514063985202,5032.299082170546,771.5111684121221,368.9595004132611,9526.383466295983,68703.84647439727,0.5981587707837415,1.0,0.0
1,10951.175414901414,911.6302682367095,1483.2400162880658,368.9595004132611,6869.850163399669,71844.60247743441,0.6255032477892385,0.85,15.0
2,5700.444137681417,537.1178102603881,1332.4737663983105,333.25374230875195,6752.293174180026,69664.14374248913,0.6065194414440497,0.85,14.999999999999986
3,4791.546734296894,126.27060482121306,578.9785567191575,368.9595004132611,6967.628062478839,66666.39496199599,0.5804200333661271,0.85,15.0
4,6455.273360020866,993.0139460879145,633.7253921226657,595.0959684084856,2772.0351365391057,70113.8257710345,0.5331096217731235,0.4,60.0
5,16859.72661867164,1441.6627194661123,1572.181954579777,614.9325006887685,2896.433583728338,83331.66707017538,0.6336113173823973,0.4,60.0
6,6617.117849708784,1227.0049645693798,8334.18109905065,595.0959684084856,13381.115459554894,68865.3973574395,0.5236172115093349,0.55,44.99999999999999
7,6704.474173476003,2247.6546124442975,-29.801739772767178,614.9325006887685,4937.808543904527,72294.58683853928,0.5496910120351753,0.55,44.99999999999999
8,2471.9463877323046,1101.3534264669288,545.6539136076026,614.9325006887685,4031.719872457958,70675.58036598418,0.5373809160057462,0.55,44.99999999999999
9,1701.4243545584359,2649.5416405456635,2548.325492959513,357.05758104509135,5688.283613644993,66432.87967343867,0.5783869708065991,0.85,15.000000000000014
10,657.013847833388,2579.3112159431766,7.6465047274541575,368.9595004132611,7478.105355093171,61814.49337698135,0.5381777480067832,0.85,15.0
11,6429.787211010357,1580.8091799280373,671.94713043308,357.05758104509135,6262.965060974867,62533.11999546671,0.5444343527942003,0.85,15.0
12,8927.165011311303,2589.4923269363353,2557.492720999806,368.9595004132611,5849.338518382323,65273.98659391896,0.5682972582870298,0.85,15.0
1,870.4467969099916,937.6533684121096,-21.543136419626535,368.9595004132611,6448.712166319186,60285.95822892825,0.5248698074448248,0.85,15.0
2,600.1555363069504,2133.498602907006,2670.9372609749043,333.25374230875195,4177.987780513032,55837.43358434552,0.48613945725698804,0.55,44.99999999999999
3,6833.336168761489,2340.093059276027,2523.122724395682,368.9595004132611,4174.541291288629,57944.23929628546,0.5044820156376717,0.55,44.99999999999999
4,5041.089874601695,1116.2861858100878,1292.8564003508363,595.0959684084856,2948.0054498796126,59265.65753805831,0.450625706510831,0.4,60.0
5,825.3020119301672,974.2520115520092,473.56454013723123,614.9325006887685,2993.7343449100877,56982.9801758044,0.4332693969408005,0.4,60.0
6,740.172236261805,821.215747708171,2464.8903654252354,595.0959684084856,5089.613759650478,50394.76806629017,0.38317600626869686,0.4,59.99999999999999
7,944.5416651482315,1935.595448543645,40.997872135514626,614.9325006887685,3748.8953411480634,48870.0794660097,0.37158305503434685,0.4,60.0
8,6817.921879465872,493.81591731798835,459.8456782953799,614.9325006887685,2786.611600173228,52320.42748363619,0.39781773423541256,0.4,59.99999999999999
9,4903.754783365891,848.353559971285,-6.228490598812641,357.05758104509135,4198.496176521241,53523.21056000584,0.4659910540657008,0.55,44.99999999999999
10,5948.535774489704,1742.9324408845132,1245.4349099597166,368.9595004132611,4068.9023650382182,55531.381999968864,0.48347486933503847,0.55,44.99999999999999
11,2066.846333214636,1288.982140534703,1033.9798042804177,357.05758104509135,3827.364144661007,53668.80894373169,0.4672586825131125,0.55,44.99999999999999
12,555.0420334194826,2442.109799112739,1273.9071418965614,368.9595004132611,4365.99342253515,50657.10071141894,0.44103773875749913,0.55,44.99999999999999
1,7276.105036398664,1750.5560766151975,1068.3582843078984,368.9595004132611,3041.741668883303,55204.70237082834,0.4806306867246863,0.4,60.0
2,1920.0949049349072,824.1589882526096,1272.3455945757378,333.25374230875195,4182.059309140494,52161.29761799087,0.45413378241186814,0.55,44.99999999999999
3,922.1935222436501,622.3595051051452,1106.2091791621278,368.9595004132611,5005.838040779649,47224.84392498463,0.4111553579922129,0.55,44.99999999999999
4,376.00987399788914,1893.1782606829074,64.31997662015783,595.0959684084856,3743.2108763862,45091.405238250576,0.34285195148648245,0.4,60.0
5,5434.95244295111,504.6342175777245,133.46694348326855,614.9325006887685,3027.874800987372,47254.71765362,0.35930067113417197,0.4,60.0
6,821.5807347046781,751.3270197102465,369.60488779696607,595.0959684084856,2904.295298404932,44958.62925342454,0.3418423909002107,0.4,60.0
7,2958.9634419860204,914.3657079832628,1939.7099232573892,614.9325006887685,4768.619850259797,41508.69612918787,0.31561086633599,0.4,60.0
8,4908.78632298051,622.9039686251126,387.1417406984183,614.9325006887685,2955.6405250149282,43082.67165439138,0.3275785701047387,0.4,60.0
9,4867.8174922322905,31.789182011976663,391.4553536665917,357.05758104509135,3312.1571676112453,43921.608226312725,0.3823962781659783,0.4,60.0
10,4190.941333542808,1107.899382072268,1642.9090474147524,368.9595004132611,3608.2532277984074,43600.32716630138,0.3795990973122964,0.4,60.0
11,5402.323940145662,970.4383489490938,-22.43812353227986,357.05758104509135,3180.1925871479743,46458.27741073535,0.40448137236524806,0.4,60.0
12,58.40338491566627,1327.1905238363397,358.7360215969529,368.9595004132611,3217.000120841426,43899.175676635714,0.38220097285151755,0.4,60.0
1,6441.483010674187,2847.966548694596,771.0610332588549,368.9595004132611,3697.8708921225298,48350.733810209844,0.4209577336137166,0.4,60.0
2,4418.537285745861,2581.2559173114423,1308.866678574981,333.25374230875195,3051.0196374542193,50657.38695492919,0.44104023088967254,0.4,60.0
3,4518.989723712524,692.5478206133193,1035.3332843879543,368.9595004132611,3448.3382165763055,51016.293497877516,0.4441649918393555,0.4,60.0
4,1447.3987645369475,1678.3945642123072,5013.977425475707,595.0959684084856,8445.281357029115,40087.73207571346,0.30480658343214795,0.4,60.0
5,6622.439474326364,413.5238207154398,-17.032952327099338,614.9325006887685,3141.005779220526,43384.79004317307,0.32987572360054246,0.4,60.0
6,634.776289583532,1354.6739911585828,6.3673368252348155,595.0959684084856,3510.150242303631,41262.62677637783,0.313739881003726,0.4,60.0
7,6783.321767980226,2013.5261026418666,4014.5192928548204,614.9325006887685,6475.850710551133,38954.172142905205,0.29618757426539627,0.4,61.74157090552577
8,3074.185852831809,686.7072853805075,943.2531709093892,614.9325006887685,3398.6158962348813,37758.26371328449,0.2870944990611935,0.4,60.0
9,1521.5295479386768,566.142996304894,317.51748706505896,357.05758104509135,2897.862728379805,36273.49846103811,0.31580926490871325,0.4,59.99999999999999
10,984.4354372664876,562.3955626989264,264.8327889916909,368.9595004132611,3030.3272988084314,34156.20987279014,0.29737543908481556,0.4,60.0
11,6957.212568154256,454.8928204645854,3.8899447150106425,357.05758104509135,3031.0894014208698,38176.27833422801,0.33237550578786773,0.4,60.0
12,4762.900597342766,758.9676439551113,91.82625864222791,368.9595004132611,3178.3365382285265,40059.024278241865,0.3487673245485405,0.4,60.0
1,1651.5228916779897,632.4516182133375,818.7048631265643,368.9595004132611,3172.3490243780925,37982.98540021527,0.33069263256106335,0.4,60.0
2,4663.076463431851,859.6636611475187,390.9413763052289,333.25374230875195,2818.4840381913873,39963.04636798927,0.34793170861486084,0.4,59.99999999999999
3,13860.303384648847,117.27764504479273,-12.966296801751014,368.9595004132611,2954.599480688157,50630.03471338324,0.4408020930848641,0.4,60.0
4,4897.87328078258,618.6401328344073,37.658088175528974,595.0959684084856,3124.3413659128983,52389.45270450331,0.3983425666630346,0.4,60.0
5,10614.258843641006,2176.2729788292636,1074.0918985647659,614.9325006887685,3468.511206437411,60022.44892128264,0.45637996059175084,0.4,60.0
6,4778.610895415934,1736.6174836449354,2158.1997585532736,595.0959684084856,3395.7159363134715,60388.665637068276,0.45916448493759154,0.4,60.0
7,902.6081818609854,1258.837335940807,558.3883407301255,614.9325006887685,3207.4781011438604,58169.31221230731,0.44228965815636645,0.4,60.0
8,1473.778920622506,1072.239489582149,-6.411898244754411,614.9325006887685,3412.2440682705655,56694.56595179739,0.43107644289523933,0.4,60.0
9,1680.2219274001332,2431.464262882553,1291.7382516320722,357.05758104509135,4509.181455566206,54648.27485383671,0.47578624181113993,0.55,44.99999999999999
10,653.9541473317851,841.1150401971172,-3.587028076995921,368.9595004132611,4441.056076861146,51336.9154921682,0.44695643464543794,0.55,44.99999999999999
11,4908.780399025642,1333.492935411712,410.64980927539,357.05758104509135,3208.351118389533,53603.13031789554,0.4666868623296304,0.4,60.0
12,720.2609307011071,591.3729112707952,444.3463398410968,368.9595004132611,4063.595399139023,50037.862920474065,0.4356464464956829,0.55,44.99999999999999
1,650.8483796251592,776.7099334584709,371.8903093565823,368.9595004132611,3068.550438348959,47656.02098543889,0.41490933034902383,0.4,60.0
2,792.7530195165291,455.9458582512307,301.9586241586803,333.25374230875195,2690.273780058343,45579.23371668088,0.3968281226203919,0.4,60.0
3,112.81529961890925,703.3532482939045,1158.7322121754478,368.9595004132611,3849.024444241726,41018.68610776326,0.3571224628671571,0.4,60.0
4,1681.7875961641373,222.95153502302855,364.8512197267046,595.0959684084856,3154.823540080137,38808.6545107351,0.2950811327184628,0.4,60.0
5,1340.149981256267,1396.5268691566307,5.734552801644895,614.9325006887685,3939.924053488647,36984.74025416894,0.28121302284467115,0.4,60.0
6,11562.930845530087,1542.3496590219875,119.09716634131473,595.0959684084856,3780.719287407611,45595.10833656359,0.3466818518702458,0.4,60.0
7,955.4023464183479,1111.2983445915306,435.14432916706573,614.9325006887685,3347.6652619255956,43264.06693579204,0.32895780692137927,0.4,60.0
8,6456.297279515632,122.23649482196197,341.2998543351496,614.9325006887685,3371.390341229681,45514.97801387604,0.34607258193595325,0.4,60.0
9,4479.801348117342,923.4357258697855,1610.2511510433978,357.05758104509135,4047.211601406921,44903.69475436776,0.3909466534443637,0.4,60.0
10,14391.057962191853,1117.113611765919,402.803682973994,368.9595004132611,3284.994112938562,56355.10903199971,0.4906465136348161,0.4,60.0
11,871.3256607636449,3730.7977338666387,434.4339481543575,357.05758104509135,5734.414183310172,54431.32671412037,0.4738974184157147,0.55,44.99999999999999
12,10422.004384873997,853.2196057475594,372.0999833596652,368.9595004132611,4290.458561871995,60675.032659097,0.5282572201565695,0.55,44.99999999999999
1,39.56965187736828,1218.4636358903736,1783.3516565415193,368.9595004132611,7661.585845477357,52119.168944432604,0.45376699602531906,0.85,15.0
2,12671.859272100553,383.36203593628306,1170.4532234469152,333.25374230875195,5193.444142846953,58477.23914386683,0.5091224913900155,0.55,44.99999999999999
3,2930.3013145991845,849.273878865868,404.6839997271527,368.9595004132611,4360.315243401801,57122.85559378966,0.49733077315214685,0.55,44.99999999999999
4,336.58160712725766,2265.372639608693,560.4971259346057,595.0959684084856,3809.1649351021842,54760.05181108033,0.4163673881470318,0.4,60.0
5,2534.6087087835344,1650.437493826248,112.67171381216758,614.9325006887685,3819.3745390005556,54398.11926018862,0.4136154383968732,0.4,60.0
6,14502.128710839183,750.4187892320697,1267.0743774615694,595.0959684084856,3721.86823196868,64066.62818242113,0.48712982843278,0.4,60.0
7,6392.302314722455,605.0205681435691,1211.961914186024,614.9325006887685,3925.8877815683613,65311.168868844026,0.49659267841028426,0.4,60.0
8,5044.951143261908,462.90339410416345,1393.896277595828,614.9325006887685,6072.128124115193,62738.066503810296,0.4770281258627415,0.55,44.99999999999999
9,1452.8008176806077,947.8491118080274,2691.848167559918,357.05758104509135,7205.210438884059,54884.60024580987,0.4778437700751554,0.55,44.99999999999999
10,2113.3164510402166,793.664226480083,2542.7808808153495,368.9595004132611,7326.350068055717,47553.49047404583,0.41401666526824765,0.55,44.99999999999999
11,643.522502537709,374.767791860344,585.7575687967037,357.05758104509135,3209.154473324881,44419.81114527721,0.3867338001665801,0.4,60.0
12,7237.361295550292,1883.3966017640996,888.2498599004248,368.9595004132611,3436.0808602566394,48847.27882202127,0.42528082131761397,0.4,60.0
1,6515.1916963024305,609.618219246222,1750.0209947211843,368.9595004132611,4639.066784621996,49214.04145781347,0.42847398005111553,0.4,60.0
2,2103.2642789513843,1505.0277089799638,435.0908210534981,333.25374230875195,3155.5205015250767,48898.4683808575,0.4257264948157034,0.4,60.0
3,4948.603106998061,1603.945495094551,7.516403216359322,368.9595004132611,3876.918546871112,51197.62253244937,0.4457437033379515,0.4,60.0
4,68.70562659628729,2014.6645961814793,234.34051441348856,595.0959684084856,4015.3095014430614,48436.246770962105,0.36828441341229484,0.4,60.0
5,2895.4336854517082,2007.2558477989369,167.82571025441575,614.9325006887685,4157.578995433967,48398.5990978356,0.3679981597874156,0.4,60.0
6,643.5958667061736,1103.1832510486129,1342.0908572719854,595.0959684084856,3348.0583954545855,44860.13299445532,0.34109347579270216,0.4,60.0
7,213.55918401051218,940.3263746399462,1031.0023935099744,614.9325006887685,3195.9524917413128,41172.131167165724,0.31305179873937006,0.4,60.0
8,11.918626669755358,1614.9966829617042,1569.8708829137104,614.9325006887685,3032.1630540837614,37582.08003911095,0.28575488863673915,0.4,60.0
9,2236.3221005257237,448.9044385199668,347.25077888074884,357.05758104509135,2970.852827007865,36592.14539122293,0.3185835121431006,0.4,60.0
10,2566.4952657314357,173.3891467958747,-3.178390340261103,368.9595004132611,3122.1328790956263,35844.115814581615,0.3120709153230609,0.4,60.0
11,14802.709153934253,5.206655802132445,824.2591152016394,357.05758104509135,4308.446325832646,45162.268602238626,0.3931978842405448,0.4,63.240064789668224
12,664.6304239919567,871.1036025668654,1113.567015977722,368.9595004132611,3404.536643109119,41810.939469297344,0.36402008681694736,0.4,60.0
1,1345.1343142033363,1914.8358159387426,328.6295312638249,368.9595004132611,3763.4875230569314,40609.8330447054,0.35356285073218024,0.4,60.0
2,6923.985144738326,1067.613583814571,636.0955438606688,333.25374230875195,2955.3759299298285,44676.70655715906,0.38897041793511355,0.4,60.0
3,734.9106023126092,365.7659885944886,114.54189285237953,368.9595004132611,3177.622610811836,42116.259143988675,0.36667830248726674,0.4,60.0
4,923.4184904215305,355.57739465588384,3077.9369113287903,595.0959684084856,6817.30365759547,32904.91849173334,0.2501921476783878,0.4,69.92128070686158
5,2029.8756829754955,514.626478034028,278.2904832449931,614.9325006887685,3132.767396693336,31423.430272115766,0.23892767001315757,0.4,61.27981911782276
6,7734.6094955251265,949.7884244185261,706.4475834773475,595.0959684084856,2540.1721088463064,36266.11253132727,0.2757489456914591,0.4,67.81228676632077
7,658.2684212710745,91.53218693788222,219.81431974527368,614.9325006887685,3385.217924887514,32795.948394214676,0.24936359486681448,0.4,60.0
8,728.6669887029708,394.18708589375456,155.65085887026362,614.9325006887685,3089.179357685871,30059.039751566503,0.22855354327906421,0.4,61.86529496347037
9,4303.8471761553155,791.2043876378048,835.0944615248518,357.05758104509135,1994.4159006266011,31967.523372163076,0.27831999904720534,0.4,73.93330344283633
10,1053.0054766754383,548.38693883019,626.9988815169891,368.9595004132611,2757.8093488652303,29815.148056873226,0.2595806963891101,0.4,65.90508330785606
11,512.2954803567523,519.5572392462891,331.0826533277577,357.05758104509135,1896.8592227492904,28262.001319354127,0.24605847906016606,0.4,75.43334049795787
12,4464.602288538084,111.69330339273802,1067.0210452496394,368.9595004132611,1275.600527741651,30126.7158378804,0.26229331017227747,0.4,91.262821644455
1,3558.646718002917,479.7757258352176,866.8317773652852,368.9595004132611,2021.4863351521608,30907.86066878783,0.269094219522146,0.4,79.7132172441824
2,6045.535323082732,534.4594015013972,316.71587678437936,333.25374230875195,2333.9442675151327,34503.94150676371,0.3004029075223762,0.4,67.92609919616008
3,717.4738315377751,1413.8211886826684,1322.5581767894982,368.9595004132611,3125.8094993807754,31817.909350400616,0.2770174091058577,0.4,60.0
4,310.7217530756409,751.2128305505394,277.71190429440685,595.0959684084856,2697.9637401602467,29309.072321163658,0.22285117504045365,0.4,68.75970109830698
5,5241.904944612726,1155.9262317387875,1.249750946983113,614.9325006887685,1694.4289284654633,33396.29231741396,0.25392830258759586,0.4,84.22071431386155
6,853.4088530755669,558.5368808714993,2.1754131858833716,595.0959684084856,3329.316926965583,30881.64974280107,0.2348082483457363,0.4,60.95706165381373
7,7992.0614652996765,1214.194990812146,511.1529849365288,614.9325006887685,2323.459897120428,36638.36081616717,0.2785793309992692,0.4,75.30903625798565
8,1122.3550160414532,92.16233829221164,246.3483473255692,614.9325006887685,3491.605404826561,33499.99191765994,0.2547167812372376,0.4,60.0
9,2996.945014934312,1467.2763046674008,278.514983084111,357.05758104509135,3370.7967670639773,33957.843906068476,0.2956483983307906,0.4,64.659108691156
10,4636.373202426473,911.611372299587,868.4524576746189,368.9595004132611,3100.476064165939,35167.94045854072,0.3061839054894207,0.4,60.0
11,1971.3727731145168,700.0516934217885,1500.0920371723623,357.05758104509135,4037.9761834162873,31944.239123443287,0.2781172785547211,0.4,66.20187175259811
12,5325.953700545101,1067.9514513998001,570.0370732592455,368.9595004132611,2748.495649377315,34650.652052338366,0.301680218824512,0.4,67.95550249686936
1,2042.3648771633812,369.20058837267425,1319.7549444319302,368.9595004132611,3831.060820935347,31542.442252093882,0.2746190999955239,0.4,69.89083852402617
2,598.4064298916493,19.114471381013573,3000.179725164802,333.25374230875195,2587.776900837553,26238.752785055436,0.228443397541883,0.4,89.21441669224019
3,655.5556201309776,494.3834095394559,751.6670502330489,368.9595004132611,466.3011140221745,25801.764150057385,0.2246388276644991,0.4,95.48592283761765
4,641.1329050636551,114.34014545581158,460.98674799128275,595.0959684084856,291.5056600229538,25209.64882415413,0.1916812583236646,0.4,97.50412315259264
5,6334.756902905217,674.8551454133303,740.0616121062885,614.9325006887685,54.65952966165205,30809.60723001597,0.2342604739757016,0.4,99.36175107104602
6,17328.510826589514,629.1302505211679,4.611782514311926,595.0959684084856,2294.6428920063877,45872.89766419746,0.34879401964541634,0.4,74.47283145567081
7,4413.382176358222,6.331060433993116,6.8204506940892315,614.9325006887685,3099.0081747180006,46571.84977488882,0.3541084935208689,0.4,60.0
8,3571.2442194536193,826.3430176215697,319.08527518232586,614.9325006887685,3438.799360384083,46596.619875708835,0.35429683268128737,0.4,60.0
9,2443.200906122012,917.7554209961309,662.474362256231,357.05758104509135,3151.7685431392442,45786.27571638641,0.3986306998325807,0.4,60.0
10,3550.893369439661,360.16889484174317,922.7311058327978,368.9595004132611,4100.41926386129,44305.22811056046,0.3857362017682957,0.4,59.99999999999999
11,6228.512551200459,423.55717460546293,1356.0796882469076,357.05758104509135,4722.212864004913,44521.947703069476,0.3876230353549458,0.4,60.0
12,1836.3348939863727,1248.9926114549817,156.59856124351063,368.9595004132611,3655.174682577412,43426.542464276645,0.378086069307629,0.4,60.0
1,661.6865547329304,807.5748678307718,1035.3256246282253,368.9595004132611,3509.2427751131722,39982.27598668569,0.34809912813607174,0.4,60.0
2,4264.056553050924,550.7248373230686,416.6534609933806,333.25374230875195,2893.630195247935,41153.51997850962,0.3582963718478677,0.4,60.0
3,223.65887755926914,1936.9485986840227,2947.0449738635725,368.9595004132611,5484.937033478464,34513.18594699761,0.3004833927250345,0.4,60.0
4,734.5557236793837,356.08615663753153,1169.9831594084098,595.0959684084856,3776.074378799045,30062.674320698585,0.2285811786812692,0.4,72.44578038371753
5,7307.589740115037,62.96274249400449,727.9669298632471,614.9325006887685,1995.869728279434,34094.45764447618,0.2592367941632904,0.4,85.75153392400644
6,11966.935063736179,587.7299778551387,723.7360579566375,595.0959684084856,3411.0267273216905,41919.26393238068,0.31873261363568967,0.4,60.0
7,4977.46177754478,2448.6975789837597,3445.056745818605,614.9325006887685,5462.40950712466,39823.02453527718,0.30279388286687975,0.4,60.0
8,951.7397039459596,1070.6877526466196,425.7584604235526,614.9325006887685,3627.180435598658,37177.58059515878,0.2826792820327437,0.4,60.0
9,958.7042348736059,493.68332435176853,1354.5304574250986,357.05758104509135,4841.832238063514,32076.547877850455,0.27926920302418456,0.4,60.91087907222177
10,976.999395634795,637.3044399130122,47.10774433129336,368.9595004132611,2801.4191511401823,30473.365317513526,0.26531135701056396,0.4,69.10112681217711
11,637.0890782103542,1204.3745672524456,624.8099130138471,357.05758104509135,2160.1461270054106,29172.815341911977,0.25398833195928755,0.4,75.44561747200507
12,1567.291448303859,277.0074552932165,572.857604498724,368.9595004132611,1639.926136764791,28435.371003832275,0.24756789378263375,0.4,83.23558354414727
1,4579.426168903208,296.56934416195145,580.4816426765938,368.9595004132611,1344.94840153291,31016.976972274668,0.27004422272160994,0.4,86.70213173961669
2,755.8838019595736,124.43361678910878,617.5563443216415,333.25374230875195,2377.590788909867,28568.89351548309,0.24873038563046312,0.4,76.93578812825623
3,662.27001943059,564.7620286854144,869.0381832643143,368.9595004132611,1398.3574061932363,27159.570473728283,0.2364603457192712,0.4,87.35106239256852
4,591.8956024113419,492.6468276740052,173.16833976611088,595.0959684084856,834.6281894913133,26641.220406147724,0.2025661954416309,0.4,90.45288258308145
5,902.1481924098999,1012.0134891780763,1024.3896242394803,614.9325006887685,627.2881624590897,26288.77180034836,0.19988635675267172,0.4,92.2185146423707
6,4649.18058088997,914.4014748418267,943.1593475750051,595.0959684084856,486.30872013934425,29827.789819957325,0.22679523723571948,0.4,93.89178874943877
7,2112.3132886075573,658.3604715264482,1093.3373213035375,614.9325006887685,1901.91592798293,28988.277830116094,0.2204120180281441,0.4,83.80426154901062
8,4549.413272252391,1133.0459961846427,-10.805227971701242,614.9325006887685,1566.111132046438,32500.49869378963,0.2471171466618493,0.4,85.87884174855839
9,642.4020802126158,847.070401991059,364.6872643814386,357.05758104509135,2970.9994775158516,30297.226853050914,0.26377783635928637,0.4,65.73738052490606
10,4764.47781046386,480.17132170391415,215.32949261086105,368.9595004132611,2089.6907412203655,32867.8962509742,0.28615894784081297,0.4,75.44549855984847
11,1105.2412660689579,554.5329448110642,2253.348679048009,357.05758104509135,3117.958500389679,28799.305701371442,0.25073643153556296,0.4,82.62506285271824
12,8002.7829411280145,42.997337154207344,-7.252821625734214,368.9595004132611,1490.522280548577,34992.857020317555,0.3046595702510555,0.4,81.57605987742139
1,5060.251484711024,441.9566908851921,2186.7495501160884,368.9595004132611,3967.942808127022,33971.41333725739,0.29576653835782996,0.4,77.7637781232279
2,1920.2255701231268,555.3666529531474,3767.403236076636,333.25374230875195,3559.3653349029573,28786.98324704532,0.25062914810805503,0.4,85.79283092620992
3,158.56944720245568,289.9718971732109,840.0297141623123,368.9595004132611,1485.5932988181276,26540.942078027285,0.2310743590571951,0.4,89.01953266129576
4,932.3037368844082,1587.2523677796198,457.0308494454548,595.0959684084856,587.176831210914,27421.19453362646,0.20849671923662247,0.4,94.97032036851448
5,625.5473560137821,386.1618346035393,542.9907320578604,614.9325006887685,939.2778134505847,26335.702678046568,0.20024319511064229,0.4,90.47525051606056
6,4862.41948957344,702.3566179003028,2.6839749172468146,595.0959684084856,505.0810712186271,30797.61777097595,0.2341693122696643,0.4,94.92971181061694
7,6342.629257816026,421.6031275977002,1408.2562721233662,614.9325006887685,2289.84710839038,33248.81427518717,0.25280695508663203,0.4,86.4136701688276
8,655.7580070045757,1102.1516670956844,811.7267446347105,614.9325006887685,3270.3257100748688,30309.738993889085,0.23045973191994443,0.4,62.34963330499582
9,2044.809591361451,5.992540343555447,1743.895362165149,357.05758104509135,2094.695597555634,28164.89258482822,0.24521301779042437,0.4,90.0737374550921
10,1488.7269459509491,593.0079538422615,3.561967661458766,368.9595004132611,1236.7570339312879,28637.348982615422,0.2493263819272434,0.4,87.08304733970147
11,4106.927027600287,532.5910370437778,568.0418275379925,357.05758104509135,1425.739593046169,30926.02804563023,0.2692523908088798,0.4,82.42075426658519
12,47.31269751741468,1842.3206129870778,1631.2845348279188,368.9595004132611,2341.2112182520927,28474.206102641452,0.2479060052008295,0.4,72.38617566777631
1,995.730406383665,134.5544360518943,680.2488063296332,368.9595004132611,1360.482441056581,27194.800197277535,0.23676706752910645,0.4,89.15169463777693
2,764.3263435445975,396.4231432910783,178.50712432452565,333.25374230875195,848.7200789110138,26995.06873856892,0.2350281383430599,0.4,89.15622040403444
3,7103.594208228326,12.602257976090186,3.6560305967286695,368.9595004132611,768.827495427568,32969.82217833577,0.2870463492098806,0.4,90.53201320462547
4,4061.5644424924776,174.28398032141558,1243.3553225188662,595.0959684084856,3158.7288713343096,32208.490438888002,0.24489686544607878,0.4,80.78506289762825
5,4547.044283069541,77.54629682487212,61.9276970087667,614.9325006887685,2854.196175555201,33302.02464552967,0.25321153949057446,0.4,64.99712340815162
6,6909.570413199562,1101.9568257906794,809.553097385673,595.0959684084856,3291.6098582118693,36617.29296051388,0.27841914181496225,0.4,61.32339862588259
7,4875.580081017657,680.3446732380689,321.2036607269911,614.9325006887685,3590.747166089379,37646.33438726447,0.28624344579168975,0.4,60.0
8,664.6331335194703,1224.519900523679,51.2925430419491,614.9325006887685,4199.116534894891,34670.14584268201,0.26361403237886,0.4,60.0
9,4835.156552047074,1070.0928147025843,1428.3176576429396,357.05758104509135,3838.8583370728043,34951.16163367084,0.3042965562059358,0.4,62.639218992395385
10,2079.576101465526,37.32160373651277,780.446339386348,368.9595004132611,3951.264653468336,31967.38884560493,0.2783188278137914,0.4,68.72611138325756
11,4637.483231294525,382.53425410864656,327.3735104779189,357.05758104509135,2757.7555382419728,33545.21970124311,0.2920559533685433,0.4,65.58262531003973
12,4781.203312464553,1440.424917602897,919.630713019993,368.9595004132611,3388.8878804972455,35089.36983738006,0.30549984326314217,0.4,62.54022359292065
1,6719.44911350643,27.88738529501279,-13.705611630633939,368.9595004132611,3297.338145934613,38184.11430146426,0.33244372835138436,0.4,60.0
2,3287.383861191457,8.057890266471077,240.2394220713977,333.25374230875195,3437.608438401986,37468.45445014005,0.32621295323565797,0.4,60.0
3,9648.291909911264,293.69084962975467,-11.491325371753192,368.9595004132611,3518.734100188798,43534.23493445076,0.37902367613588744,0.4,60.0
4,641.9307038247489,538.919114407101,1762.6778786633367,595.0959684084856,6371.215069277077,35986.09583633371,0.2736198421556505,0.4,60.0
5,2094.5964311192224,449.35287797357887,3.536676158393675,614.9325006887685,3739.004585352428,34172.571383226925,0.259830731026138,0.4,60.0
6,3434.9812596572733,475.6871842938126,1589.8996889745758,595.0959684084856,3639.8285532907703,32258.41561650418,0.24527647092706956,0.4,77.79660705292164
7,4913.818092669343,85.69776251115763,1450.3163551859834,614.9325006887685,2874.1662466016714,32318.516369208264,0.2457334462695218,0.4,85.66312906664092
8,7078.203261905742,621.9510341313799,265.8579480286462,614.9325006887685,2898.206547683306,36239.67366884467,0.2755479181220288,0.4,68.48068997384036
9,5992.888294874066,18.056946804616018,94.15560095047113,357.05758104509135,3395.879477089202,38403.52625143858,0.33435400250671593,0.4,60.0
10,665.2526193878274,482.6195836824045,1297.0275853649728,368.9595004132611,5071.745399971576,32813.665968759,0.28568680078335257,0.4,59.99999999999999
11,1977.306779666933,500.02808159651613,-10.452795875222364,357.05758104509135,3096.2663875036,31848.12965734898,0.27728051725168296,0.4,65.71764512622968
12,5513.766842846198,396.1291057577473,621.3935979247799,368.9595004132611,2710.051862939593,34057.620644675284,0.2965170881404667,0.4,72.43766288516753
1,282.1869720948169,786.3145843429811,836.0134586470522,368.9595004132611,3426.452447283706,30494.696794769057,0.26549707601858086,0.4,60.0
2,3655.056470563999,1186.7945391093272,-3.1267032295181707,333.25374230875195,2168.678717907623,32837.742047455526,0.28589641521365633,0.4,78.16321308408055
3,1023.5953383965167,1350.0524981168928,1204.8487193935434,368.9595004132611,3105.8968189822103,30531.684845179916,0.26581910641284257,0.4,63.956714912393
4,4875.010626178477,486.7732001517106,267.0761500804765,595.0959684084856,2183.4739380719666,32847.82261494916,0.2497580198734579,0.4,74.87828169253882
5,37.26774163591462,522.34083216,717.2106927563873,614.9325006887685,3109.9290459796644,28965.358949320253,0.2202377545966715,0.4,68.95621702228908
6,4499.274108606596,1031.3958176794513,713.3906187751927,595.0959684084856,1556.9435797281012,31630.598708694513,0.2405028727018326,0.4,82.51882801114165
7,5607.430132672397,439.366749249999,302.6650897312247,614.9325006887685,2623.0394834778053,34136.75851671912,0.2595584283310756,0.4,69.88201304094224
8,664.6341023501639,1040.1829921880708,714.1898226810736,614.9325006887685,3625.5034066876487,30886.94988119987,0.23484854788361,0.4,60.138553242065726
9,600.7260156563012,379.59371138402275,922.8836917673798,357.05758104509135,2325.5799524799486,28261.74838294778,0.24605627691082985,0.4,81.36077420359403
10,665.9381853260431,394.9998407917665,110.14408571549575,368.9595004132611,1275.4993531791115,27568.08346975772,0.24001699711644164,0.4,86.01164462430773
11,644.1484623541642,363.70346649041676,256.52047929354376,357.05758104509135,998.0333879030877,26964.32395036058,0.23476046388716815,0.4,88.07641747286867
12,516.5951838275188,313.67338547704276,849.1395443493129,368.9595004132611,756.5295801442321,25819.963894758333,0.22479728075668448,0.4,94.16944564641003
1,2027.1285765368657,691.4713381848305,966.3168285728752,368.9595004132611,298.7855579033334,26904.50192259056,0.23423963321417168,0.4,97.21945438234306
2,363.9503017090468,36.85032711557869,564.2276674457571,333.25374230875195,732.6007690362239,25675.22037262445,0.22353709502151206,0.4,93.95420518450719
3,5533.906500109788,1177.5671678411345,686.7985784221819,368.9595004132611,240.88814904978062,31090.04781269015,0.2706804020088839,0.4,97.5943427943954
4,4676.747512455482,995.1725086703264,58.721400235612236,595.0959684084856,2406.8191250760606,33701.3313400958,0.25624766308774904,0.4,78.15088102313636
5,114.31635899798691,2249.43681214525,827.834889949525,614.9325006887685,3451.33253603832,31170.984584562426,0.2370082022971994,0.4,71.66509319661166
6,90.319874376817,535.8883926754424,1340.3840150505166,595.0959684084856,2439.1938338249706,27422.51903433071,0.20850679006162331,0.4,84.29148356776784
7,6222.191587805941,131.59455799250645,507.68458913338327,614.9325006887685,939.8076137322846,31713.880476574723,0.24113610461133078,0.4,92.66894517256138
8,635.6307838841019,645.5151965252517,1352.6523081256928,614.9325006887685,2656.3521906298893,28371.08945753973,0.21571923374132684,0.4,82.42552977252217
9,508.1650941303741,779.4003186080627,-8.609772510637413,357.05758104509135,1319.2357830158917,27990.971278727822,0.2436988004647775,0.4,87.42992337851138
10,5182.708529499762,208.30230492110422,1054.6425003379118,368.9595004132611,1167.188511491129,30791.19160090639,0.2680784594182565,0.4,92.75002465762401
11,133.81830822359603,353.3230182874868,263.2831886822023,357.05758104509135,2287.276640362556,28370.715517327622,0.24700498139392985,0.4,72.6918340596317
12,660.9062148102241,204.80821976611696,528.1784542020614,368.9595004132611,1319.086206931049,27020.20579035759,0.23524698996157364,0.4,88.31794013530883
1,447.6177054149768,443.4258476098257,-8.20325131386926,368.9595004132611,778.8823161430366,26771.610778139966,0.23308263826131653,0.4,91.8999477184699
2,3662.984084713271,1225.1093763688732,499.6291782313492,333.25374230875195,679.4443112559865,30147.37700742602,0.26247319325615937,0.4,92.8717960278793
3,1004.8682524238408,359.05155618697245,64.68516989344425,368.9595004132611,2029.7508029704086,29047.90134275972,0.2529007887135911,0.4,78.1600492460136
4,553.2556460654356,114.35601404709814,1214.0133233642919,595.0959684084856,1589.960537103888,26316.443173995587,0.2000967557057568,0.4,91.99111115910569
5,7095.477185585922,521.9366139324666,499.44857776142817,614.9325006887685,497.3772695982349,32322.098625465544,0.24576068391141925,0.4,94.20051173944547
6,10298.093700364736,379.4645831003327,624.069720975247,595.0959684084856,2899.639450186218,38880.85176936066,0.29563008369661403,0.4,72.42051358973393
7,14388.098628918993,236.62993562648626,834.3651281598359,614.9325006887685,5183.574735116667,46872.70796994088,0.35639606514897154,0.4,60.0
8,183.83020453622282,704.2390967131942,385.29028567932255,614.9325006887685,3652.9610465671644,43107.59343825504,0.3277680625853352,0.4,60.0
9,751.4141462122235,442.3803575849961,1969.9343593142403,357.05758104509135,6807.058663594715,35167.33733809821,0.30617865452020954,0.4,60.0
10,3923.507951773897,707.2959143001281,347.6336596508336,368.9595004132611,3699.6396308487638,35381.90841325937,0.3080467823929623,0.4,60.0
11,2057.113698470259,433.4121693268535,1564.3506966169007,357.05758104509135,4123.5633653037485,31827.462638090747,0.2771005832382376,0.4,74.07876338390287
12,373.3490292208683,604.0712590742332,674.8742176098058,368.9595004132611,2701.785055236299,29059.264153126485,0.2529997171583641,0.4,70.20192149493852
1,5112.680874063481,696.1298082178728,280.1946994691207,368.9595004132611,1594.5056612505941,32624.414974274856,0.28403911804011023,0.4,83.16623327668172
2,538.5586627471514,355.50736712131766,-13.943641363464849,333.25374230875195,3020.5659897099426,30178.6049134881,0.26274507389840557,0.4,64.62152194129706
3,965.3487977177447,300.4084954889986,232.06247258286385,368.9595004132611,2042.24196539524,28801.09826830348,0.2507520382255467,0.4,76.69410086281218
4,204.49798259774286,382.0749943973933,-8.798045736155473,595.0959684084856,1491.2393073213927,27310.134015304895,0.20765227193589056,0.4,84.8173918986615
5,664.5415978388529,358.23139399231513,263.91652847243677,614.9325006887685,894.853606121958,26559.2043718529,0.2019425875220598,0.4,90.00550372277388
6,4259.023720212317,873.9560437475957,1023.1058860628764,595.0959684084856,594.4817487411594,29479.50053260029,0.22414702387396557,0.4,94.07831945104829
7,2124.1111545982603,343.2463474239412,-8.04862409188354,614.9325006887685,1762.6002130401162,29577.373944985487,0.22489120317504535,0.4,81.7712106666746
8,2093.305872518048,790.5301854577046,1696.4666926196587,614.9325006887685,1801.749577994195,28348.061231658616,0.2155441389058278,0.4,89.71450301668679
9,1476.9379764261923,773.811007126682,513.6143388290475,357.05758104509135,1310.0244926634464,28418.113802673906,0.2474176467912094,0.4,85.66621425715819
10,43.64904513521267,519.9487188744934,576.7037983634291,368.9595004132611,1338.0455210695627,26698.00274683736,0.23244178200969187,0.4,85.38785005651279
11,681.6369453872766,1976.7442014701228,513.990606573585,357.05758104509135,650.0010987349438,27835.334607341138,0.24234377531228876,0.4,94.82919495376548
12,583.351223616009,6.5051476135522535,235.96948437678657,368.9595004132611,1104.933842936455,26715.328150844198,0.23259262279803003,0.4,89.70106935506325
1,548.1767794193444,320.8227432387248,-7.692417465561448,368.9595004132611,656.9312603376792,26566.12933021689,0.23129364773726582,0.4,93.09993804397041
2,399.1053227038864,387.133737930395,-6.423335415485781,333.25374230875195,597.2517320867555,26428.286251871148,0.2300935395841501,0.4,93.27239742615721
3,2074.6286207333073,515.8826313400059,-5.226703736858326,368.9595004132611,542.1145007484592,28112.9502065196,0.2447607899930732,0.4,94.8322608343015
4,3862.155167907943,72.3675304480712,589.4593222569456,595.0959684084856,1215.9800826078397,29646.937531602343,0.22542012906009976,0.4,91.885052572777
5,664.5881289067656,725.2226136428217,-0.4034526479372289,614.9325006887685,1829.5750126409375,28592.64421347016,0.21740382263427674,0.4,83.46888305996477
6,12421.86462675438,77.16722853787724,853.5561007088036,595.0959684084856,1407.8576853880645,38235.16631425706,0.29072062218928185,0.4,91.92784397835698
7,129.81967745994365,501.3420098759743,1162.1091665222993,614.9325006887685,5264.866525702825,31824.419808679086,0.24197658907899702,0.4,61.86726912382476
8,975.3375247724528,607.5884504289243,1389.7679845679595,614.9325006887685,2700.5679234716345,28702.077375152097,0.2182358963485854,0.4,83.45296035453447
9,809.023209203883,358.4617268594957,935.9245382969675,357.05758104509135,1451.630950060839,27124.949241812577,0.2361589216420409,0.4,89.70854625718839
10,905.8059401884376,620.7286992977461,1097.0415625349633,368.9595004132611,820.779696725031,26364.703121625505,0.22953996348933148,0.4,93.82378667001541
11,1832.7180943824824,237.01926460871982,1420.1774980680893,357.05758104509135,516.6812486502022,26140.524152853326,0.22758818606670486,0.4,97.4454277039978
12,2122.6244239830053,266.1713300985284,2.1413884876856173,368.9595004132611,427.00966114133047,27731.20935689258,0.24143722589748898,0.4,95.53405707306928
1,11263.83175632688,16.122150519640854,949.5838458430335,368.9595004132611,1063.2837427570325,36629.336174725766,0.31890730759977604,0.4,93.913218228843
2,3898.8927872617182,436.80088626537326,256.02849375963706,333.25374230875195,3309.21753905532,37066.53007312916,0.322713664569332,0.4,60.0
3,999.7285390857685,540.341708427055,294.180512962419,368.9595004132611,3732.056519605985,34211.40378766031,0.2978559758519351,0.4,60.0
4,163.5089343878626,114.47464953597955,1143.1589012990153,595.0959684084856,3655.3615150641244,29095.77098681253,0.221229340938133,0.4,79.6240296684706
5,665.2812566102367,326.3040543541938,249.04915456441813,614.9325006887685,1609.1083947250127,27614.26624779876,0.20996473766787466,0.4,82.30473903861576
6,276.96720731817214,472.84736538385914,200.3150434732488,595.0959684084856,1016.5064991195046,26552.163309499556,0.20188905089006473,0.4,89.31663622826169
7,6788.940090667413,393.48797871482384,-6.425136237896368,614.9325006887685,591.6653237998224,32534.418690631097,0.24737505694541811,0.4,94.28569802706276
8,656.2498535950766,1315.735192681972,2554.711965968232,614.9325006887685,2984.567476252439,28352.191793998707,0.21557554558635939,0.4,84.82289153949236
9,5426.814230084314,591.0685593106937,408.96231373829505,357.05758104509135,1311.6767175994828,32292.377971010843,0.2811482923306482,0.4,85.64409917650917
10,2059.9148388206827,621.9276506886526,717.1166581299767,368.9595004132611,2887.7511884043374,31000.393113572598,0.2698998380758423,0.4,69.96383193569012
11,870.2915407602408,489.78570742036027,-5.971489178169577,357.05758104509135,2370.957245429039,29638.42702445724,0.258042103705497,0.4,75.80029238819003
12,10791.338019843834,283.3176148427374,624.3808610984161,368.9595004132611,1826.170809782896,37893.571487849236,0.32991416499838094,0.4,84.15907551257239
1,2076.022257228356,338.69690322873066,2.4815801770891994,368.9595004132611,3782.9737289764835,36153.875838739485,0.31476779016772133,0.4,60.0
2,329.33240285329106,473.8466486325342,314.97588860967517,333.25374230875195,3336.554679523372,32972.27057978351,0.28706766581550774,0.4,60.0
3,3633.113067757595,545.4984463717046,982.8136297231467,368.9595004132611,3159.7082319134033,32639.400731862992,0.28416958908064394,0.4,75.45941044616693
4,2877.012375603638,174.768866257411,277.35151932114604,595.0959684084856,3026.560292745197,31792.174193249208,0.24173140993413333,0.4,68.92840025925568
5,6793.560654445988,18.867091204228927,-3.881311324887065,614.9325006887685,2687.6696772996834,35305.88107223586,0.26844783746720413,0.4,70.12043762795216
6,935.469236462223,458.20343851749203,229.0239433264651,595.0959684084856,3694.7042704688847,32180.729565011738,0.2446857859790904,0.4,60.0
7,634.5317020051259,838.7450962693838,-5.077796518475225,614.9325006887685,2843.091826004695,30201.059833111256,0.22963339124234267,0.4,75.6067448197997
8,2097.344148154205,1138.1915230468949,1168.1586574982684,614.9325006887685,2051.2239332445024,29602.280412880813,0.22508057920086288,0.4,77.844713904486
9,636.4300165867971,1024.9318506194504,716.6035376208711,357.05758104509135,1811.7121651523253,28378.268996268773,0.24707074451943786,0.4,80.92007272297154
10,4812.243417581184,539.1416609171065,686.9921690095216,368.9595004132611,1322.1075985075092,31351.594806836776,0.2729575180154706,0.4,87.32986374669414
11,605.2315019043126,243.52411743576158,-1.7824535422332701,357.05758104509135,2511.437922734711,29333.63737593928,0.2553885026211232,0.4,73.00408801336927
12,18229.944127892148,26.51009735698608,619.6285518817385,368.9595004132611,1704.2549503757125,44897.248598517705,0.39089053104572935,0.4,87.60779554599651
1,2093.1611512905783,561.0243422167623,1321.8244683890953,368.9595004132611,5253.734337478073,40606.91578574461,0.3535374520955159,0.4,60.0
2,2089.662181493651,3095.8574558577966,0.5219610601488966,333.25374230875195,5347.365458676772,40111.29426105039,0.34922240458073756,0.4,60.0
3,779.0330084137761,217.16620532909292,972.3290566480646,368.9595004132611,6015.317704420156,33750.88721331177,0.29384656382956,0.4,60.43760334894816
4,2058.372279284297,540.4719086096084,776.0313129286224,595.0959684084856,3471.1548853247077,31507.449234543856,0.2395665071724374,0.4,68.37286693690986
5,664.9556716444844,80.37356020568404,578.3452946893049,614.9325006887685,2573.7796938175425,28485.72097719841,0.21659083310730756,0.4,82.69679145360405
6,802.5380596758789,395.9668590658548,136.1048944689719,595.0959684084856,1365.0883908793637,27587.936642183326,0.20976454083170543,0.4,85.96972635719183
7,2213.442063781182,390.0643679481218,546.0288783532815,614.9325006887685,1005.9746568733303,28024.507037997246,0.21308399852824797,0.4,90.93394596322824
8,3362.6477934046475,2035.9704354680143,234.34385924288654,614.9325006887685,1180.6028151988983,31393.246091739355,0.23869816496465904,0.4,92.38250997704466
9,2024.6200552226196,624.0078861923757,716.4218385092572,357.05758104509135,2528.098436695742,30440.296176904267,0.26502344596172506,0.4,73.75891962166645
10,2995.1625784390753,6.30893291112443,1196.4792530826744,368.9595004132611,2146.918470761707,29729.41046399683,0.25883423609908807,0.4,88.70729219204254
11,4943.827474914896,406.71070950082867,-4.3120928514435946,357.05758104509135,1862.5641855987315,32864.63897462017,0.2861305888984828,0.4,81.09454590643118
12,4442.661948100928,517.3145766508387,726.7709333804087,368.9595004132611,3116.6555898480674,33612.22947573019,0.2926393629794248,0.4,70.46610861181352
1,310.4738266233418,437.40885097714636,144.571642832394,368.9595004132611,3415.6917902920777,30430.889219792945,0.26494154583252894,0.4,64.79759115737718
2,1870.0978689341273,489.2713394867642,3534.62255463365,333.25374230875195,2143.155687917178,26779.226443354262,0.23314894280141216,0.4,93.27242594215733
3,3441.509119328861,254.22699453404493,-2.289090084275813,368.9595004132611,682.4905773417049,29425.80156954648,0.2561909150563411,0.4,93.2421992063738
4,1431.150584023946,213.97712635046628,9.307379129735637,595.0959684084856,1741.1206278185914,28725.40530456408,0.21841326997623742,0.4,81.79984437069028
5,75.70444295049387,194.2644411258225,396.2936072033626,614.9325006887685,1460.9621218256318,26523.18595892263,0.20166872195727334,0.4,87.9043685740368
6,1611.6159379357023,113.30339818611537,287.04810082156473,595.0959684084856,580.0743835690519,26785.886842245345,0.20366616492957645,0.4,94.75984799507583
7,960.2538628355519,289.52714476714027,592.7337833190759,614.9325006887685,685.1547368981381,26142.846828942053,0.1987768180068084,0.4,94.81538353749765
8,660.3887458023851,47.774799160692055,541.9820697524083,614.9325006887685,427.93873157682106,25266.15707188713,0.19211091809824854,0.4,97.33218666530968
9,4549.762919839876,917.7701383206622,588.7841918727536,357.05758104509135,77.26282875485195,29710.585528374973,0.2586703398846913,0.4,99.2412830288579
10,385.58071357876264,38.82050904134667,644.5647374144828,368.9595004132611,1855.0342113499894,27266.42830181735,0.23739068587311096,0.4,87.06735457272568
11,934.2614517698737,74.90193051362803,792.2198814807925,357.05758104509135,877.3713207269393,26248.94290084803,0.22853211611368687,0.4,94.71315262285395
12,562.9113546910829,501.25461564995203,503.7038960277532,368.9595004132611,470.37716033921174,25970.068314408836,0.2261041402668112,0.4,94.91087191463106
1,6434.15683823187,343.7292610246841,1000.0994994988832,368.9595004132611,358.8273257635345,31020.06808798971,0.2700711350135898,0.4,97.74557467598842
2,4763.6851343645885,250.65399821969913,625.9819689386895,333.25374230875195,2378.827235195885,32696.344274130683,0.2846653586917327,0.4,79.2061803956656
3,4783.572451321121,765.4926581291329,1437.9343866063173,368.9595004132611,3049.337709652273,33389.17778690908,0.29069740003479994,0.4,80.58552472419458
4,549.9148613957783,1896.3437024577797,875.8592251684095,595.0959684084856,3326.471114763632,31038.01004242211,0.23599713198280267,0.4,72.48336598874002
5,899.3449516532671,481.23119738262176,-3.787538803950156,614.9325006887685,2386.0040169688436,29421.437212604334,0.22370554012633753,0.4,78.33566615255711
6,835.3495568510888,700.7761608048095,1.6473057121038437,595.0959684084856,1739.374885041734,28621.44477109791,0.21762280732402858,0.4,84.50401074297828
7,664.0542934113047,1436.187087791077,218.26209988297705,614.9325006887685,1419.3779084391645,28469.11364328938,0.21646455944585005,0.4,89.73390695306284
8,1472.6988741958849,131.9987344636138,656.3644888872514,614.9325006887685,1358.445457315752,27444.068805057104,0.2086706434813292,0.4,91.65957407632297
9,33.862267948986684,421.1552790048081,438.151264111355,357.05758104509135,948.4275220228418,26155.44998483161,0.22771813537474517,0.4,89.6938682045096
10,692.2689797118652,359.1791613357782,-2.8902110592134704,368.9595004132611,432.97999393264473,26407.848842592564,0.22991560463233285,0.4,95.9142080044658
11,4741.467347844981,102.39940265119367,160.52980579974246,357.05758104509135,533.9395370370257,30200.18866920688,0.262932989327485,0.4,94.47093498413274
12,961.8682764537559,384.4364381719424,743.4136251369673,368.9595004132611,2050.875467682752,28383.244790599598,0.2471140654566682,0.4,83.38438352471846
1,315.33580401383864,119.76867340264289,0.7485434744812665,368.9595004132611,1324.0979162398392,27124.543307888496,0.2361553874449106,0.4,86.34491614834319
2,7441.222656504343,5.105104878777638,158.60654049939694,333.25374230875195,820.6173231553985,33258.39346330808,0.28955874777211893,0.4,91.80255459634611
3,770.9320157456044,1156.1046999644313,1423.019678877201,368.9595004132611,3274.1573853232317,30119.293614404414,0.2622286898009489,0.4,72.6467790942898
4,643.0405638976596,13.205503082677751,974.3516213777111,595.0959684084856,2018.5174457617659,27187.57464583679,0.2067203932602744,0.4,90.07592590229956
5,2054.8224209576924,79.79844719883113,-0.5221433800106752,614.9325006887685,845.8298583347162,27861.955298349836,0.21184803835221955,0.4,91.31475694965015
6,3521.3400286002743,400.3847630886812,201.54417908183677,595.0959684084856,1115.5821193399345,29871.457823208533,0.22712726636750388,0.4,88.7053391360879
7,43.4118981553621,36.79923248005798,160.13814408891267,614.9325006887685,1919.3831292834134,27257.215179782856,0.20724990421341086,0.4,82.23471044274862
8,4002.6413409548613,424.3582540879652,491.5948311842112,614.9325006887685,873.6860719131423,29704.001371039558,0.22585401326945156,0.4,91.5356593129684
9,4509.984590766629,398.03100416080997,-4.597576851541817,357.05758104509135,1852.4005484158233,32407.15641335763,0.28214759201341355,0.4,81.97432412378686
10,3737.3308359581124,366.20790562433467,256.4233968558765,368.9595004132611,2933.6625653430515,32951.649692327876,0.2868881334410354,0.4,69.83964586641392
11,639.7606248086074,101.58075279797049,1111.820556803148,357.05758104509135,3151.4598769311506,29072.653055155068,0.2531162854378788,0.4,81.49545498113012
12,3691.064349580492,463.63167287097167,3239.615165523217,368.9595004132611,1599.861222062027,28018.913189608025,0.2439420721289292,0.4,95.16631084133284
1,654.1666267451046,391.32627712887916,2892.1236599513977,368.9595004132611,1178.3652758432102,24624.95765727414,0.21439315495044126,0.4,96.39139760858717
2,11102.61510377372,248.24898664293505,108.76479379483862,333.25374230875195,0.0,35533.803211587205,0.30936922954139207,0.4,100.0
3,39.13754444935292,41.66564212692174,-5.913928594585741,368.9595004132611,3844.5479412687428,31407.01288507606,0.27344000642419686,0.4,60.0
4,939.542122033892,268.97562289972484,619.9280682802091,595.0959684084856,2533.605154030424,28866.901439290556,0.2194891341162535,0.4,81.04095332915247
5,1936.309340576448,515.4136913544571,0.6583943014484248,614.9325006887685,1517.5605757162223,29185.47300051502,0.22191138910868052,0.4,87.16381273933789
6,492.3021756645332,299.9720621522829,956.8655486114912,595.0959684084856,1644.9892002060078,26780.79652110585,0.20362746073468285,0.4,89.98556748487123
7,1012.8829472951162,60.661439516366954,13.43690776065705,614.9325006887685,683.1186084423404,26542.852891025566,0.2018182592363982,0.4,92.97050050245336
8,1173.2765232900656,536.5101440301914,1030.5207943999267,614.9325006887685,587.9411564102265,26019.2451068469,0.19783701381566593,0.4,96.39995379062654
9,42.75630654479408,5.739583206424868,2237.232647224817,357.05758104509135,378.4980427387607,23094.952725589454,0.20107241795836292,0.4,98.96856181739946
10,2074.0880248147746,184.10383564098083,769.7253682620831,368.9595004132611,0.0,24214.459717369864,0.2108192219649875,0.4,100.0
11,870.9796006197856,258.1812588490975,-0.13786860501932097,357.05758104509135,0.0,24986.700864398677,0.2175426128515155,0.4,100.0
12,660.3958792499708,1288.1530351237343,552.5131597565851,368.9595004132611,0.0,26013.77711860254,0.22648468380157055,0.4,100.0
1,2056.451075579165,85.20660907485944,600.8205270674916,368.9595004132611,376.31084744101537,26809.343928334794,0.23341115574463892,0.4,97.56912932256132
2,5113.783965432951,13.687203645975387,1012.1221478590851,333.25374230875195,694.5375713339178,29896.901635911967,0.2602924705160974,0.4,96.37366573273839
3,5673.613162360513,393.4378059797127,1054.3865861542326,368.9595004132611,1929.5606543647868,32611.04586331991,0.2839227220683321,0.4,88.90021963128218
4,90.93250093504456,378.27168215613347,1402.2307863181559,595.0959684084856,3015.2183453279636,28067.70494635648,0.21341245329923686,0.4,84.93787569714976
5,342.21516521682804,294.8087230224519,511.110421718171,614.9325006887685,1197.881978542592,26380.803933646228,0.20058612195923198,0.4,90.75956975090847
6,233.00317422219365,525.1049879932252,1001.4107147117902,595.0959684084856,523.1215734584912,25019.28383928288,0.19023382047574325,0.4,96.68324149491237
7,5637.563663902442,230.88483557772634,508.7248164786797,614.9325006887685,0.0,29764.0750215956,0.22631078254105066,0.4,100.0
8,653.4589397355878,654.5194328851903,1253.8952765249742,614.9325006887685,1876.43000863824,27326.795608364395,0.20777895815613895,0.4,88.6660328862892
9,330.4280988294564,334.60065261467753,249.67595156337848,357.05758104509135,901.518243345758,26483.5725838543,0.23057488096570591,0.4,90.65581167569705
10,375.1024221199193,18.241212179902504,269.0141865031219,368.9595004132611,564.2290335417201,25674.71349769602,0.22353268199808338,0.4,95.45757116665547
11,498.6344488349361,159.43373739613162,237.05534342689498,357.05758104509135,240.6853990784075,25497.983360376693,0.22199401004412278,0.4,97.68360602941085
12,711.5959124641333,51.06227196359032,237.70432105608052,368.9595004132611,169.99334415067716,25483.9843791844,0.22187213021043212,0.4,98.58261273569269
1,7184.848795921604,301.93450090767146,225.00176519659,368.9595004132611,164.39375167375985,32212.412658730063,0.2804520874548843,0.4,98.35096827711163
2,601.7441544795496,893.7905031733171,-1.8152349702904758,333.25374230875195,2855.7650634920255,30520.743745552452,0.2657238495234539,0.4,74.20225181430669
3,764.3216964726159,741.8456914729104,371.5330268258258,368.9595004132611,2179.097498220981,29107.32110803791,0.25341811715418006,0.4,80.12049362369241
4,4120.299450892839,1751.9310793513505,747.1207423190681,595.0959684084856,1613.7284432151646,32023.606484339376,0.24349110254557457,0.4,87.81954454576622
5,2321.7273061596175,733.8564944385362,594.3239638991508,614.9325006887685,2780.2425937357507,31089.691226613864,0.2363900892384405,0.4,72.91818682508136
6,4048.4840333749476,384.0472451125861,0.13749025168363005,595.0959684084856,2406.676490645546,32520.312555795677,0.24726780112070604,0.4,77.59522894781142
7,971.8014384787567,17.91993043648472,252.55138887501744,614.9325006887685,2978.925022318271,29663.625012828867,0.22554701212071135,0.4,76.25998784892289
8,664.9401557651533,115.59764034921318,1223.6871680131517,614.9325006887685,1836.2500051315467,26769.293135109765,0.2035399948791252,0.4,91.92371838736257
9,3182.329509513438,1237.6377852386504,1162.5095817743495,357.05758104509135,678.5172540439061,28991.17601299851,0.25240691893389966,0.4,93.02610447133299
10,1668.3868835257217,9.631458670977736,249.59582307687378,368.9595004132611,1567.2704051994035,28483.368626505668,0.2479857772120507,0.4,87.42057353344867
11,4554.985249656223,7.137099249099265,2188.161193222655,357.05758104509135,1364.147450602267,29136.124750540977,0.2536688913433683,0.4,95.7603892052463
12,4687.624799598435,426.934561195023,565.5532212227808,368.9595004132611,1625.249900216391,31690.921489482003,0.27591181012283944,0.4,85.27201768414608
