Flow,Preci,Evatr,ShiftFac,FlowProb,PreciProb,EvatrProb
1186.23419821366,3.8832661846560197,-0.003900081500235247,1.0,0.708978771165804,0.5956068101946224,0.010217793614983872
643.9726288349891,2.6191858464685382,0.3901142680266584,0.9996666666666667,0.309008730689291,0.3778859202469136,0.15420055543621936
1670.7329330446125,4.2285234872444715,4.351847239020459,0.9993333333333333,0.8246951003353908,0.712816400208933,0.9404252541319855
1720.7494122395149,7.685171065809389,0.0019032504800590658,0.999,0.8417313149353438,0.9960203918946686,0.04042354726764352
1331.5596208289628,1.666938454255486,0.22066302511849656,0.9986666666666667,0.7430901016450997,0.17869895035268746,0.13420413594640013
836.9088875563302,1.7844532288086712,3.53723162979659,0.9983333333333333,0.4721321339451221,0.2070189779062952,0.770471712841575
697.9811916686942,6.608954321067027,-0.002115241540826705,0.998,0.3329029141083273,0.9760620596044656,0.013171564578282613
1120.7956037195743,1.5309052634509275,0.8537711128454198,0.9976666666666667,0.6190367963113228,0.1415895428326437,0.25039205618711824
1047.0283213602875,3.836146940132075,1.4276927770155052,0.9973333333333333,0.5927374101102396,0.5883124682715377,0.4008047200622864
1133.9788659926214,4.502093289887614,0.7903489475891919,0.997,0.6820930514579833,0.7791931380040951,0.22258987586485546
7.987168185157915,1.8959698859567318,0.0021896100138311843,0.9966666666666667,0.003313232037412517,0.22654933451693826,0.0394774224366814
680.006450646011,3.902680992119216,3.6552398049618775,0.9963333333333333,0.3246404944278629,0.6015495897118042,0.779193067733843
821.6441583218699,3.1913246800252684,2.486118700720873,0.996,0.4598945997005055,0.48623112861356965,0.653215419207692
616.4263201260547,4.8703396109812385,0.6498541409302733,0.9956666666666667,0.303668398022952,0.8368792377028949,0.19136243737665914
299.28590845037013,4.787990271282777,4.091598322530234,0.9953333333333333,0.1815981282472514,0.823138658838352,0.8525031081014054
1838.9966610811164,5.051518861623533,0.06342795378549587,0.995,0.9320253641195078,0.8729510175556077,0.11320691707126418
1147.1651960573568,3.0791299457570025,8.87451008664266,0.9946666666666667,0.6938433605077041,0.4691944124879137,0.9852555564423047
58.3581375983284,5.139946738283515,4.060481127090526,0.9943333333333333,0.024835849315752778,0.9115470862663646,0.8495655768369395
1853.4211638306494,2.626550512973976,3.6813026855908997,0.994,0.8798705855851967,0.38466180550143014,0.7811539958195186
1176.9713844798544,1.8142178252863685,0.9111755806431799,0.9936666666666667,0.7079422747933617,0.21532007012696286,0.29289566536529144
787.5972305532508,1.2728405924835389,4.36971324392881,0.9933333333333333,0.40275793270068316,0.08300225398134287,0.911577577941965
1822.105970764457,4.341189927751627,0.14937041441807977,0.993,0.8715165978889503,0.7542973736097445,0.12590320064795102
1975.553934706136,1.422995331694957,-0.0023850412665208792,0.9926666666666667,0.9540350633582109,0.12105790724841192,0.011653168128842317
1127.6454741335278,0.731486846564971,4.5036549131096955,0.9923333333333333,0.6684132458857364,0.03121499451054044,0.8862182812150761
1460.3300156872078,1.374586642989051,0.9461319717917864,0.992,0.7719671708274023,0.11174213872435113,0.30559753075244234
334.6463222023815,1.7552822622730162,4.202329840344869,0.9916666666666667,0.22111826631409603,0.20695722012497164,0.9271423661079672
432.6051290410181,2.066578919508363,2.026824437819088,0.9913333333333333,0.27098320510104856,0.2645446506840299,0.484766458031765
797.1642547374021,2.9160663161324956,3.745063772624384,0.991,0.42379291887035997,0.4423696446771561,0.7860584555916861
846.687001247271,1.477483367514427,0.5903982284076714,0.9906666666666667,0.4984610379860632,0.13133537469703693,0.1825135945091838
53.012943845112886,3.4606269694721603,-0.002863505393717633,0.9903333333333333,0.022448581826234548,0.5410034269383572,0.01021797343038866
783.9975028007716,1.4925003603694567,3.668634901184804,0.99,0.3983402753253589,0.1342115514557196,0.7802308507838243
1133.0502126393153,1.474591288199933,0.0028002652107228018,0.9896666666666667,0.6811467937968081,0.13084701761324857,0.02577413148949903
707.6851873860925,2.036709504288124,2.069517495939166,0.9893333333333333,0.34852833442898756,0.2542983369434224,0.5122023105353084
2193.1768872661805,2.112572986500363,0.7900632069030258,0.989,0.9672731195297506,0.28994213744371145,0.22264408755102671
1544.6549024225333,4.829922082559914,3.9604721437779147,0.9886666666666667,0.7889883715663306,0.8339186787567308,0.8286080039844264
1163.974818392698,4.66966656646035,2.1784257921696666,0.9883333333333333,0.7039978926126778,0.8041565614425474,0.5292008781835207
839.2432458415044,4.399928508340691,4.058537237817684,0.988,0.509759978172388,0.7660703793929102,0.8505196100598698
1857.6928138734352,2.435770412264078,4.527956341037846,0.9876666666666667,0.9159194252392848,0.36516865456109127,0.8920777997635922
1246.2009716583916,2.9335250493234373,0.8293286180695016,0.9873333333333333,0.7324166133950214,0.4476576668275458,0.23678142527442914
2764.6296048816607,3.263738006641737,2.111846163745221,0.987,0.9911073717226828,0.5034132441618779,0.5194579169930884
1864.7356401657632,3.037012906889928,0.42400055320733737,0.9866666666666667,0.8856453781711453,0.4657231771093058,0.16060074101087918
1826.2854169025038,4.629848469345993,-0.01841902919887982,0.9863333333333333,0.8749259828275571,0.7977849702490549,0.06395159962350583
577.2213778252691,4.241636250445481,1.1960798755482538,0.986,0.2992118357863689,0.7406569984588365,0.3700819259726118
839.8606780711958,2.7926714615118278,9.481913112444863,0.9856666666666667,0.49061807844057204,0.41887977592198444,0.9891532383874297
1630.229429057902,3.580294912540754,1.2211591239720827,0.9853333333333334,0.812465183634324,0.5619156116399324,0.37636096706825595
762.5517368216937,1.4862380131896857,3.3993717632062634,0.985,0.3823120037086778,0.13328842384901707,0.7611258236878504
827.5714334315109,4.924971337863948,0.09867983043337815,0.9846666666666667,0.4754810824241895,0.856340595499488,0.11953173637658443
1762.26808090274,2.8811910827631646,2.1410675965542993,0.9843333333333333,0.8612624170330796,0.43846432801043966,0.5239127118106797
1073.0043608060485,1.5863451755281865,3.945989872613506,0.984,0.6014958462182352,0.1586246783083185,0.8153631911012023
1876.620762539816,4.637277069864411,3.367157735517676,0.9836666666666667,0.8910694651132638,0.7987320672556881,0.7587227504924692
838.0639021215505,4.0231636618689395,2.3043969447995565,0.9833333333333334,0.5453665226613227,0.6708626116442356,0.6196169048246614
838.7853272680106,0.9529900412782408,1.0889147888857924,0.983,0.4926628838448539,0.04482575943757294,0.34028862944243476
1795.2420119417932,2.9130438843213358,1.7552973630157132,0.9826666666666667,0.869097853712655,0.44573438411562405,0.4271719046898088
1011.152026618603,3.0382519004240325,5.252890745511773,0.9823333333333333,0.5868476636728357,0.46767642575833124,0.9564467270202373
660.2320128191726,3.961926403997783,3.162257252071057,0.982,0.3290047618763652,0.6303272309564938,0.7314100361606461
825.5676266264915,5.952898959000178,3.948309277429926,0.9816666666666667,0.5282845431296983,0.9618407072637012,0.8177748913378537
1427.7562997082493,3.3753397432611143,2.4142340947878935,0.9813333333333334,0.7705033634210703,0.5336488602937004,0.6459535905953495
776.4695427418511,1.906142494120156,3.1614972842032447,0.981,0.3924736745044064,0.23329384842152212,0.7318289794479151
337.1889473259516,2.064246844662087,2.0271636248470593,0.9806666666666667,0.21282415491605655,0.26115645506676755,0.4842788335000019
1113.1467562483324,2.126309658833123,3.8891285429913403,0.9803333333333334,0.6274064190459185,0.29827326164384993,0.7997915592418576
364.30494148377795,3.496401520517102,1.2038759078108405,0.98,0.25918039831863116,0.5546827471674336,0.3744145141101234
1620.5351859407103,2.8850886063168666,1.4230906710056779,0.9796666666666667,0.8095657627958208,0.44133965603587333,0.40376590394384015
324.2813239062403,4.4221780011657605,-0.001503386557784054,0.9793333333333334,0.23719993150714358,0.7699236037525463,0.09951210340559524
1696.9250757018826,4.067912167744388,3.1038684761211535,0.979,0.8475603215465997,0.7001909257369958,0.7142891651360708
1865.9813152222648,1.5992940180152564,3.9480489080951213,0.9786666666666667,0.913530361617026,0.1703368705461863,0.8182622926721728
328.15958799623536,1.6075391928254261,-0.006283053808877049,0.9783333333333334,0.24504392008870535,0.17674580488356906,0.052728658560815767
712.9869508777931,2.2276686448486616,3.951789847714631,0.978,0.3588204284290446,0.34612607552181984,0.8286088129546232
1875.023334554139,3.244483633243084,2.050642046548172,0.9776666666666667,0.8911010264890256,0.5072587087319442,0.4706604932313285
640.9025769517335,4.039605176572163,2.838108965178533,0.9773333333333334,0.32509169094406176,0.6913634480354036,0.6820546390449032
1309.8963446699627,1.5032439605346866,2.3092791040722314,0.977,0.7533218127972561,0.1372017600533708,0.6245060351629892
1123.396435896494,1.6128159647837308,4.143535672970524,0.9766666666666667,0.6683524119136681,0.18254388690919043,0.8593093622144743
1875.6760941206896,6.58937389287472,4.225448774533423,0.9763333333333334,0.8915281569312679,0.9759769937932237,0.9335884248085251
71.30291865849594,5.081089068593255,3.0085264283505024,0.976,0.030695211415404655,0.8891242267722053,0.6981385176117894
310.3584496394263,0.3235403615762615,2.3225187846183255,0.9756666666666667,0.18889073395858813,0.013667216968054952,0.556116424919316
1642.825403056928,3.155890454824368,7.183344037868714,0.9753333333333334,0.8227405767511862,0.4911989395762877,0.9736284665281805
400.3917430308634,5.655246493903694,2.3173377685212935,0.975,0.26942769028682445,0.9536077444743858,0.589808829504888
336.29462665842556,4.877424264903579,4.217451371427295,0.9746666666666667,0.21434988918045028,0.8559439378159199,0.8646719925963553
1109.6497877382003,1.5649336206921565,3.9478751239173295,0.9743333333333334,0.6376823129697795,0.15380402084846856,0.8236870018726368
2471.575656781926,4.101324062359794,2.307265198313266,0.974,0.9798756492602512,0.7197142885878776,0.6235221093066208
792.7599285009946,2.1425464835723,3.617124222501887,0.9736666666666667,0.44090603310853016,0.33052293548891076,0.7767811149509447
900.4131092255739,0.274716913652239,2.054055086140126,0.9733333333333334,0.5659126449094172,0.011644420794253874,0.46824874552992424
457.71470525213965,4.8209826167807925,3.107908295278585,0.973,0.2817024503160148,0.8465834787756359,0.7197134551893725
786.3284454875301,2.143373026244362,2.9332114157211002,0.9726666666666667,0.4047807631755964,0.3333990077299247,0.6908144614964402
1075.7178997086123,4.535526684282657,1.8011197458097556,0.9723333333333334,0.608354855810465,0.7835952934609463,0.43105607443390626
786.036623169906,4.728848275680499,-5.211069640691348E-4,0.972,0.404718552255241,0.8206972450611569,0.04484785758212162
1369.0335855916421,2.1143692346594736,1.1407075637176496,0.9716666666666667,0.7650397774413817,0.28905814708444133,0.3574098782708195
792.7315852825577,4.6877120898995965,4.255521355558726,0.9713333333333334,0.4457039154527922,0.8090468306816052,0.9203435679370748
47.544184084638076,4.347523899911769,-0.02024031366740196,0.971,0.019946293323371167,0.7607377496466823,0.09031910447503
1168.3710240549785,4.633386243300851,0.8752778141642027,0.9706666666666667,0.7137703866902807,0.7977861095299217,0.266992866876933
371.918959983964,1.1908987684542296,0.7941290697261852,0.9703333333333334,0.26363576318856086,0.07420666713224655,0.22402498482338307
886.4823017142833,2.111539103481489,2.3099453175239826,0.97,0.5634025456175151,0.3172781767787287,0.5531874025897607
835.3142462993999,4.494730595854397,0.0020219983529130856,0.9696666666666667,0.5096687296049034,0.7782854772507728,0.019464944996286704
485.2037528897568,4.729929120830478,2.992525408032761,0.9693333333333334,0.288997152303174,0.8236333217440701,0.6976883288558351
1774.3869865941122,2.9993707311827746,3.0596724670170334,0.969,0.8690368073603612,0.4677381852662068,0.7084914397812763
534.2512238537187,3.9890601356545132,0.17132461532679572,0.9686666666666667,0.300287482407261,0.681573981653687,0.131739138080041
854.8503444740032,1.3244108878302125,0.7156032046031612,0.9683333333333334,0.5550785558474207,0.10595233081361077,0.2055302043506082
1253.4551876840715,1.5904774656792775,2.657556465024174,0.968,0.7474929777039814,0.18056058641328532,0.668849309973484
2111.1521181374833,4.2958598629293165,1.0363311754042146,0.9676666666666667,0.9633131505989303,0.7543510007821006,0.32857070386308007
787.1873961632567,5.1320641477115245,2.050853710041654,0.9673333333333334,0.41301933241231126,0.9033156427604121,0.5102495679391001
1636.3046485028306,2.101338791686105,3.7882309142001658,0.967,0.8251820557468208,0.27928463944657933,0.7890274874327008
332.0416609594127,1.5867904391619432,2.305863879650861,0.9666666666666667,0.20750759746806757,0.17968195305512746,0.6224853512219952
1881.136873984769,3.5210957056270575,4.204750746638417,0.9663333333333334,0.9448120409780218,0.565362940132401,0.9281493723612737
812.5591556307384,2.794118240270937,4.519892757668481,0.966,0.469233878035775,0.4277299582161558,0.8915589482578863
1134.9472055169988,3.942601342221741,0.8812814783749096,0.9656666666666667,0.6820330384563462,0.6342335562607668,0.27293614571600555
1258.68412893712,2.632106718979542,2.1116131624951944,0.9653333333333334,0.7499572492661088,0.40175067270612996,0.5209830289159123
46.66543020416365,3.226498803380443,5.292590763375385,0.965,0.01948762991874098,0.5175127981833416,0.9569277701098196
325.40229428432104,4.35288189428428,2.30245555991426,0.9646666666666667,0.23280648648038715,0.7611257818475288,0.5522108969989232
321.78212655169295,1.5525811943589574,-0.004039557639721432,0.9643333333333334,0.19915318612855248,0.15322335013306598,0.05021864081019478
1850.0613548582564,5.15533540494594,3.2709257353922183,0.964,0.9228078928204502,0.915027040089573,0.7529173737836519
1561.2646602987547,2.1267096789078663,2.7772984789101454,0.9636666666666667,0.7958023606122444,0.34420226811608456,0.6786443579406958
794.9048241204042,1.3633485071866454,1.2091086239976292,0.9633333333333334,0.45555337429026155,0.11367233439084767,0.3822193160500642
67.4532425084026,0.9837799254687722,1.1418448322197172,0.963,0.028711509941028224,0.05068430756460196,0.3612617698138225
1482.4369700354139,4.697056774351006,-0.02132222143011131,0.9626666666666667,0.783197455586188,0.8182634074415012,0.07027001526001775
807.7846691530982,1.5703691835782714,2.0318897514121295,0.9623333333333334,0.4672731601891569,0.16932991627153848,0.4823860286331003
846.8250480215016,1.7173456517795946,4.5248318836097,0.962,0.5522024165653656,0.21431289806045362,0.895502333167534
838.2619503524412,3.0989804085832318,7.645199780363538,0.9616666666666667,0.4999946316869528,0.4926332381831662,0.9769844149771052
1135.6015502755458,3.966271468107798,2.000543968245475,0.9613333333333334,0.6820624483358837,0.6761735281879993,0.44862567309587975
1851.6231453130679,3.2049798067899635,3.446859777653025,0.961,0.9223510154690013,0.517024479432409,0.7660400516097445
781.4029921074048,5.267753357456584,-9.83429011138806E-4,0.9606666666666667,0.40670237205222937,0.9349932605081581,0.04632092182177883
496.88903242265496,3.8344234131025456,3.0776482371625886,0.9603333333333334,0.29775448697065277,0.6102851803639482,0.7187377362969465
172.49734608326384,1.0360897911263307,3.874292800150488,0.96,0.15080571945794152,0.056079357495549154,0.7968399068178373
399.5953824215741,0.6872493159911189,1.1190546161529715,0.9596666666666667,0.273912769991135,0.03215233172275589,0.3525344827058092
788.7785456339045,2.075869782823533,1.7329931274084867,0.9593333333333334,0.450610637629383,0.3304998615267212,0.42718076633258417
766.7207590266952,2.2775073959693044,8.146770117396596,0.959,0.3919860961032202,0.36808992578691924,0.9804568235502473
2214.2833059358404,5.483297171661127,2.313716844516853,0.9586666666666667,0.9687366812624509,0.9477416402653247,0.5575126994347801
836.8665304272112,3.9583348020784253,2.0186600975941134,0.9583333333333334,0.5058168267421668,0.6576187260795763,0.5024064666295034
1468.6332292763464,6.313561235472507,0.6878315553388558,0.958,0.782221100679426,0.9705982729177347,0.20106720993110416
85.9302374527454,2.230990624362002,0.21040333607114053,0.9576666666666667,0.03752335474186386,0.363664906788693,0.13865955138149744
1547.2526196896258,3.960389849034777,-0.009028033190858592,0.9573333333333334,0.7943986833945995,0.6825516346224088,0.09615624005556911
785.7696197059539,5.993611897348438,2.027468417263925,0.957,0.44725365384487215,0.963365752552092,0.5058168818102848
21.30397326493551,2.2546305469569217,1.2293873899348535,0.9566666666666667,0.008716039389145225,0.366602939959489,0.3880863551255118
763.0213467797153,3.185158580510825,0.018752993558273014,0.9563333333333334,0.3906129673146894,0.5175430599661248,0.10591440424575094
1080.3504916026156,3.37740411993041,-0.021796325618772924,0.956,0.6361867061658566,0.5522110425816389,0.08590162901996079
781.7300136163783,3.956296898740006,3.8095798270995473,0.9556666666666667,0.42720993817153863,0.6743033535300003,0.7904848296496509
82.05861438845754,1.5681524755741512,0.8775407220693704,0.9553333333333334,0.035539989081553536,0.18058987688094086,0.2685122163213063
669.8310432589749,2.083641853403947,0.09876715993018545,0.955,0.3514576373979914,0.28853169119598165,0.1225151798898767
675.6318165521598,3.2403837293568705,2.4029614308161853,0.9546666666666667,0.3534805037323907,0.5302611294505488,0.6454117584656556
1768.2154256069095,2.07511984184138,3.246145487479267,0.9543333333333334,0.8709889171316587,0.2792235302385162,0.751909375617031
1483.0451878532313,3.160744589529974,2.8104168634818567,0.954,0.7850593843899785,0.514642919423649,0.6825127020476573
1979.3649157713376,1.1651157475669451,3.908909211696673,0.9536666666666667,0.9550658791451268,0.07515151389161279,0.801203060034311
1151.917289984356,2.6945032358980976,3.9400073693637925,0.9533333333333334,0.7040968181852694,0.41597313043585804,0.8100228050426734
2682.6358452782283,2.0039686410172552,0.7196662461946193,0.9530000000000001,0.988184023800813,0.25628095284141983,0.20702681965667624
582.5730329193304,6.152694802790974,2.059614515018909,0.9526666666666667,0.32705127060555395,0.967180348045581,0.4692263551804712
848.4076138133963,4.101073171218713,4.336125457743737,0.9523333333333334,0.5502872719131029,0.7274953113139424,0.9145157251045923
325.932726270068,3.9548522704883826,2.3660208147418365,0.952,0.21724230000612899,0.6860219147474838,0.6396352944825254
14.179973584294128,4.348712564358353,0.8658921410444402,0.9516666666666667,0.005763211316039074,0.7602111832969147,0.25625177661179377
1369.6810122990214,4.214757947510438,2.4920649677802276,0.9513333333333334,0.7708988505119978,0.7435476830236312,0.6557572231990609
1081.3861511800856,2.562876239544667,0.9276959021227591,0.951,0.6425344644782731,0.399316817005968,0.30076818660115046
74.33963558629969,1.5387809748351178,0.023300722083498517,0.9506666666666667,0.03170328964426705,0.1562070887365663,0.10740864343832635
142.155932498451,4.942067659158715,7.990289606694096,0.9503333333333334,0.08636004747922899,0.8739809718490756,0.9793952708314289
1679.899246080025,3.4596523087430793,0.9107987159857436,0.95,0.8563405659511281,0.5663323216403764,0.2939400306438593
259.6038046630974,1.9070446135919665,4.450158090317776,0.9496666666666667,0.182055561477114,0.24217423513320124,0.8831972008924982
2386.237535757978,2.2130578611644536,0.7157779796414929,0.9493333333333334,0.9765197857841121,0.3642458258008925,0.20644709612109247
1884.5033860569881,3.9049902798866105,-0.019199446139884363,0.9490000000000001,0.8968993548140602,0.6375989970155049,0.07225362115454104
1147.440954797893,4.098383528875614,2.379429212977546,0.9486666666666667,0.6942398793803233,0.7270156907976972,0.6420469694556172
279.82201374819374,1.3304091047412765,3.533948237692891,0.9483333333333334,0.18941813481445813,0.10978924961580971,0.7718985313842093
1539.790508988139,4.766155335903109,2.2995009957229615,0.9480000000000001,0.7953750322980975,0.8544571714476314,0.608354570947419
1542.016009340739,3.7228009646595175,2.0447565362661804,0.9476666666666667,0.7958863193069048,0.6039296506898306,0.4779225237175264
835.1994426085882,5.097149981702385,-0.007166683151036651,0.9473333333333334,0.5145448196334983,0.8930237395565297,0.05751255109080944
143.15402472026517,2.3680448396106173,2.4514505061352727,0.9470000000000001,0.09715572788088389,0.38082436808719966,0.6517508022325129
1620.3293088804407,3.8827963227103304,2.3035326667054443,0.9466666666666667,0.8388542427070826,0.6336841829162085,0.6190445039320311
1372.1274850620503,2.053961510373017,0.057187036827964055,0.9463333333333334,0.7724250254943246,0.3339791130209888,0.11567993423592382
21.532319469781388,3.945316729022693,0.25525549524556446,0.9460000000000001,0.008723481340698447,0.6621038392707017,0.14647895823771195
45.028070682536814,3.293476846262702,6.076898223240391,0.9456666666666667,0.01848921466867326,0.5443900643458937,0.9647476432704127
1453.9706320620585,4.052319605657147,2.172772865374952,0.9453333333333334,0.783099642322066,0.7192020933189549,0.5321295553774088
1787.4141493769935,4.818340615984591,2.9669219249455665,0.9450000000000001,0.875384535267477,0.861772905086533,0.7006397707041019
379.58620758677944,6.348803538956935,0.24174904625034838,0.9446666666666667,0.2748289669012387,0.9715824452710771,0.1449539732555447
608.8365694904378,3.4372118511303316,0.8806426447870735,0.9443333333333334,0.33830480696026166,0.5663930621283504,0.2714417688452093
1145.7754210827989,4.6285834489738225,2.7334927410525034,0.9440000000000001,0.6913638087051381,0.8217116652496637,0.6772329825545822
1728.5275976402743,3.8793010456864176,9.331169046889997,0.9436666666666667,0.8661673184495258,0.6352415640089064,0.9882154656548567
651.220096769333,1.2296787512440055,4.311137709032461,0.9433333333333334,0.34956564545171087,0.09075472699235143,0.9164909612208021
2081.461915874916,7.008505357749258,2.370128106092744,0.9430000000000001,0.9618473851069669,0.9843008591877258,0.6405890872152513
1303.7815592532593,3.1623212032509924,0.23537995811715304,0.9426666666666667,0.7646050275034413,0.523921160054075,0.1444579568599933
780.255600733763,2.0639050861718844,3.918024195237835,0.9423333333333334,0.4442387933618903,0.33935016605935564,0.8022035283255287
150.43360016400203,5.542877769644774,4.447191445265616,0.9420000000000001,0.14202327603041165,0.9506410628629272,0.9067250166482401
621.0386996125045,1.145198817540666,3.266732866601508,0.9416666666666667,0.3422794619797702,0.07518994804723356,0.7548392724710788
1145.363177664502,2.8781245852485884,3.5249776642546564,0.9413333333333334,0.7182265011221376,0.46627366587775465,0.7714798979827824
1145.1265946871713,4.7700481536622,1.1244086124376333,0.9410000000000001,0.7172500112937397,0.8574173744431168,0.3646804464216966
381.2625470577273,4.209049699772948,5.384050433407056,0.9406666666666667,0.27874310106580547,0.7426332389515335,0.957972622613517
840.1012984209484,1.9234645630972456,-0.013528834770422462,0.9403333333333334,0.5283082707436564,0.2504753659817518,0.06689016346205734
157.23685251127267,4.592590754072955,2.3006226557357996,0.9400000000000001,0.14745632427227884,0.8119758102265136,0.6112243213531006
1888.137759490485,3.7484926786094896,2.3007385051994484,0.9396666666666667,0.8998903546382169,0.6151917314169211,0.6117498254319305
757.6044435751122,4.908835449309497,1.6130352788787352,0.9393333333333334,0.39785326602216964,0.871997013026141,0.42131359725965956
1342.0797351458705,2.0498223839207803,3.8942600234903897,0.9390000000000001,0.7704651261506315,0.3310489919317836,0.7983267974606969
397.77713794563255,3.380187768579549,4.33014051163781,0.9386666666666666,0.2879813255977812,0.5610295171584034,0.8749342781165403
104.54304413282738,3.934235853303165,3.1644631409739166,0.9383333333333334,0.04781533784334546,0.6567252611022709,0.7460512331626892
138.89008422116763,3.4807897772785674,10.2655705781557,0.9380000000000001,0.11317751795112474,0.5771057173972995,0.9940672520663061
804.9645723361166,3.984862910479816,1.2184267132290865,0.9376666666666666,0.4750236881582328,0.7035094509979205,0.3915961349578516
923.6296731192358,3.110169349945379,3.0374543427968916,0.9373333333333334,0.5917544115094062,0.518060800734909,0.7216372165304625
1455.492999454214,5.078123940960751,2.9057747358427184,0.937,0.7855788751990205,0.8901312576149014,0.6947203214296407
1036.649189184313,4.620267639610513,4.28789524594306,0.9366666666666666,0.6328001890545687,0.8338806111280443,0.9184142563432955
853.495382818305,1.5477645210315025,-0.014663001078077402,0.9363333333333334,0.5473283279729979,0.18300184342993342,0.06971972117856029
255.04260022832716,2.0426443595033983,-0.00937060335807457,0.936,0.18648081846170417,0.3183472814655346,0.09469048223227317
660.1083167994381,2.991869283113353,3.195198512432159,0.9356666666666666,0.3539689631009997,0.49755395313647344,0.7494985119856341
2643.6423207804733,4.344558991260236,1.0704421988832606,0.9353333333333333,0.9867498824618823,0.7626211953671389,0.34023571994917456
760.7681753502595,0.2527898627141033,0.9193281344156873,0.935,0.40667183862605794,0.012202297473828727,0.2982363521018703
832.1646172674053,4.497660386569738,1.0939724287859345,0.9346666666666666,0.5092641469521113,0.7899352892372848,0.3490173240100445
1592.991440128393,2.8224262587189823,3.9224416936444886,0.9343333333333333,0.8324541217149275,0.46037623517512816,0.824640514822391
761.2025750212482,3.952989536481728,-0.018031329467061295,0.934,0.40862564173283333,0.6830629977026572,0.08098919733061916
1385.4074240229572,1.4143730907337786,1.8404601194171257,0.9336666666666666,0.7773381229927021,0.12880941878444374,0.43593062444903063
843.1343719424185,3.269723169232487,2.0499328948164846,0.9333333333333333,0.52880300068336,0.5458024453702126,0.47703839283968175
2684.248990575276,5.169380886717642,3.257105757781166,0.933,0.9882757871124039,0.9159502023656745,0.7547781284090256
1729.5292432398235,1.9078601412895857,1.377716607605262,0.9326666666666666,0.8676332800027449,0.25438926034895304,0.4071219208544674
2305.325851560528,4.356357126335853,1.0456194770051368,0.9323333333333333,0.9730712959977081,0.7660477783959325,0.3334217631813825
1365.715499879554,1.196295566422937,2.0202148260609643,0.932,0.7752945547654051,0.08641371546587062,0.4911451514201284
1144.619540254951,2.9962877779517547,3.3355910256508503,0.9316666666666666,0.7030281188100944,0.501452457781564,0.7602187996130814
921.6471757388917,0.905267630112968,2.3063820326061717,0.9313333333333333,0.5999931130498488,0.050776528415221955,0.6190436797615326
349.57287963407003,3.1321808549165735,1.5775144273308646,0.931,0.25918107278267266,0.5248663009689765,0.41991649608977677
1884.2498131193586,6.131054896372633,0.9252604010460697,0.9306666666666666,0.8979358814940486,0.9672187913374444,0.3007071361126128
1684.4620205341103,2.594470300828894,0.8342590996516559,0.9303333333333333,0.8608351040227173,0.41987833138255715,0.23678119695494804
730.6859092708795,1.9109348389416814,0.7876386374597798,0.93,0.384241212117749,0.25779957915614116,0.22210137744911873
416.88082009954553,2.8343422931748465,0.8929739837082318,0.9296666666666666,0.3031570296398052,0.4677300236422208,0.2836561664879518
1160.9693675702758,3.8925556373061,1.910928411711694,0.9293333333333333,0.7425711274341886,0.6464102418138844,0.441332854719132
1887.931066980079,7.67864352459811,1.0813599075684583,0.929,0.9032232174467385,0.9960813974749136,0.3452017969173047
752.2364232478135,1.1102494619667824,2.3101687997116787,0.9286666666666666,0.40419219362380043,0.0731678944123495,0.5916920504055165
2964.1056439233007,3.2600273831081164,3.5382773123435385,0.9283333333333333,0.9984916272586151,0.546351709036349,0.7724257192856381
408.6577544651437,1.3897833231177947,0.8634909363105503,0.928,0.30220231001628806,0.12547591229153077,0.25243664516320785
752.0600281242761,4.1461577157782346,3.053186729068115,0.9276666666666666,0.4052069414290509,0.7352858117411283,0.7313404432365984
837.7909976739434,5.1484376715741185,0.02953544268426705,0.9273333333333333,0.5195191063593247,0.9032538940034596,0.11027718352457705
1473.3180625091654,4.2828493872236555,2.3031980337657414,0.927,0.7918959890266144,0.7577080426750404,0.6083633026990112
1562.2008661478526,4.363244208691465,0.8359185182619507,0.9266666666666666,0.817805708762303,0.7719681823742239,0.23730034177076775
133.5195041741745,2.6321508860148657,-0.0027390625353551426,0.9263333333333333,0.0849248627087047,0.4305593961247889,0.054674151559905626
134.79408938280628,3.9586037823339044,2.0793540776363906,0.926,0.09270694483756037,0.6820252647410503,0.5185414097243466
1867.939265204329,3.0931580650550683,2.771133649076078,0.9256666666666666,0.9427752037918324,0.5209220617902606,0.6830625787410363
1146.247274999473,5.377911387114874,0.9698208004155356,0.9253333333333333,0.7382080357916587,0.9443001064806049,0.314357199801617
1851.8183362226387,2.729752544878217,9.872250141472986,0.925,0.9232731712223272,0.4491828249218426,0.9916261610079145
136.12673585559318,2.043153676606115,1.9645359974231629,0.9246666666666667,0.12050935980838062,0.3119459437763765,0.4462159875174092
1754.5654322399466,1.3099349048824283,0.8994071285794931,0.9243333333333333,0.8720268180214865,0.10982712978715936,0.28856988304447784
1077.74054066905,3.48604053306017,0.8832368704139915,0.924,0.6493703192533797,0.5907462950750062,0.27391361000281567
566.681040400367,1.6751652422771461,5.018519897180719,0.9236666666666666,0.336412470455715,0.22017960181547935,0.9536000781123533
856.7798466272269,4.209688843865317,2.311766298702362,0.9233333333333333,0.5507460053362074,0.7479735553773179,0.5824158228667906
1885.4732217536668,1.5224819132884735,0.8471875861436808,0.923,0.9052604895022969,0.17573759821481172,0.2421754612896374
1539.34110699907,3.7254181921592173,2.1548219762781677,0.9226666666666666,0.8109392332058827,0.6240112371551021,0.5317253346585209
377.29635149447154,4.216799097480837,2.5511291771626916,0.9223333333333333,0.2968706603158535,0.7499345737556493,0.663500875394506
40.014317967748106,4.21534001189526,-0.011818652244100801,0.922,0.01604032024439772,0.74993467213726,0.06975093318504344
719.1996947247229,1.6010980853095007,4.427854032041077,0.9216666666666666,0.3827992901281978,0.2050659686311278,0.8827154638582386
843.2448656112349,1.4266393421821402,3.1957142280875037,0.9213333333333333,0.5267824713545515,0.13762869960759727,0.7509108498032089
1839.505194899939,3.6023187994326205,3.8925800761748506,0.921,0.88613438655801,0.6098204433160006,0.8382818364605704
868.6037369230465,2.010409256949247,-0.007024128339101487,0.9206666666666667,0.5912115332535752,0.29533693752135814,0.06191487817893293
1292.7010807565014,4.897803897144512,0.0018275138663579322,0.9203333333333333,0.768938336103544,0.8724921922417259,0.04537488328312134
1525.626719481487,2.0274025341423827,3.494969355203055,0.92,0.8085501662910539,0.3022415172053603,0.7700142495064837
675.8224526845946,3.8968199059148754,2.6707359398713617,0.9196666666666666,0.3632385711428687,0.6512939054256686,0.6747381547543538
80.4300358272876,4.033387616811013,0.7432041554133865,0.9193333333333333,0.034174190925578385,0.7148393811747098,0.21229855553489063
1677.2815699864202,0.3022654638497316,3.9000393847654333,0.919,0.8608046974277108,0.015612041241404917,0.8431876552559969
1507.8912917167047,4.104469904296665,0.8654859355944495,0.9186666666666667,0.8041630871930361,0.731340778132906,0.25340489928405163
746.8809091823899,1.676309450052463,2.29237637043725,0.9183333333333333,0.41008207288178045,0.2230408640353405,0.5638610113937279
1426.0230612674186,1.465412534065657,0.2791460252639273,0.918,0.7885380278305565,0.1527656476497743,0.1541998179442876
838.687388393896,4.012561372717772,2.5616211171229475,0.9176666666666666,0.5223648078645244,0.7089481539676503,0.6649345307413284
2081.524033324307,6.3639933396281885,1.2338235372244424,0.9173333333333333,0.9619016971194703,0.9725517552169405,0.3974260474501774
1140.8503195142669,1.9602736068500382,1.0818815795141883,0.917,0.6844664459064402,0.2826720012134545,0.34902522541877423
1872.8252508347123,4.408295640601658,1.6397460789829394,0.9166666666666667,0.894915768090387,0.7968702659382745,0.42470777462849396
763.1687316535161,4.161073814049767,2.7140246018499723,0.9163333333333333,0.426715337269731,0.7445320981831518,0.6791639473920574
1007.7851272231875,1.4276690289828666,5.870396669140542,0.916,0.6332954034506704,0.141534928098348,0.9628852252155975
854.814362212758,1.7032836979387072,0.9041629574548287,0.9156666666666666,0.5537064139300183,0.23042617271371335,0.2919254608333277
747.1407068057364,5.268784621499258,2.30867855599934,0.9153333333333333,0.41298219335093833,0.9384645890459857,0.5819275681972087
128.17258089257845,2.5054005161773736,1.087900246718169,0.915,0.08006599173400564,0.42378556089955954,0.3544182184972986
690.4725482103233,1.6360574318849481,0.17624778877596506,0.9146666666666667,0.3715153479271496,0.21574600205334726,0.14103924570112025
862.3557000532271,2.915912726164345,1.097277406469129,0.9143333333333333,0.5976134886777786,0.4955096029941115,0.36662488553362493
1128.5609022965848,2.107278727965095,2.3066177701071613,0.914,0.7304336467198478,0.33973994355797155,0.6024732800588659
781.8629055814913,2.7258687264053783,1.9352919544170106,0.9136666666666666,0.4462837063239624,0.4569573326032048,0.4442615884567469
558.2944477340397,2.5118131124717444,2.389179120452651,0.9133333333333333,0.33779453395395054,0.42622685881421307,0.6449540759646251
845.043894108287,2.1969801165092684,2.0517169323583744,0.913,0.5869021311914389,0.3744072060513355,0.47802275433052266
1746.9572391748081,1.162606322087149,4.074781927401879,0.9126666666666667,0.871545811573136,0.08436882283940506,0.8612538775222318
1880.594797412694,6.358499867566392,2.536597807371342,0.9123333333333333,0.9003853260272552,0.9725898818160708,0.6630129321622096
349.0742499855576,3.9695605695718967,3.9345773558975834,0.912,0.29345157622093176,0.6859306583247153,0.8149062882257236
342.9672988323928,1.053323016135578,0.7101128280593411,0.9116666666666667,0.2690003785769306,0.06978922894961359,0.20653091583389416
1118.7306489122354,2.1046584889851347,0.7965416803175283,0.9113333333333333,0.6649660640258053,0.33587092074430114,0.22410898745869123
243.01596361829974,6.408587409776508,2.3422003410394225,0.911,0.1948185369663007,0.9736281533291857,0.634692615213537
347.61263241272616,1.9632341380684992,-0.0010291867067744416,0.9106666666666667,0.2455931381229297,0.28660887843472804,0.008784407255232995
1224.3549625093224,2.372838001722387,3.8825239621115415,0.9103333333333333,0.7611563641133281,0.41108916867094014,0.8412344845046007
1712.6802887752183,2.99355196969179,2.7336765892945674,0.91,0.8666556399784902,0.5111867979429268,0.6820317047826372
346.0850857633072,2.7671447226087893,0.6913347981802276,0.9096666666666666,0.26311063147613023,0.4667836439232278,0.20360886358515962
242.9892539320561,2.1333538160967773,2.312202218714975,0.9093333333333333,0.1957036296257677,0.3519538495169343,0.6200440765987933
65.1723958119784,1.4894274190388133,0.8775559614233615,0.909,0.026758207677464174,0.16894069381469956,0.26601715849038166
336.8692620826832,3.3076578269855252,4.461111123897633,0.9086666666666667,0.27773594021294823,0.5707265744094352,0.9062447251150014
693.5408289356722,5.091889114214418,2.3075685517674827,0.9083333333333333,0.37786323459974547,0.894426429230982,0.6112320083497063
1873.7810788547515,2.683393404692761,2.249786545912078,0.908,0.9090759705988081,0.4530214077735517,0.5526381921612245
1143.0286839955425,4.373880909068531,3.727706017659496,0.9076666666666667,0.742152558430125,0.8026992766221357,0.7836489303115579
260.2139410265298,1.036419853742685,2.428808941990555,0.9073333333333333,0.20351614116718197,0.06881267528409252,0.6512702193664326
1694.9536839012071,4.162634468471117,3.9098549684592765,0.907,0.8641838613897654,0.7562432243036374,0.7993118907986332
467.0535593135511,3.3414162352696692,-0.009516652883524462,0.9066666666666667,0.3241217675902843,0.5805304034752323,0.08589369242429545
133.12634330630817,4.535490961136343,10.111990425927091,0.9063333333333333,0.1190361371126567,0.836817765463332,0.9931205122964237
346.99528951108607,3.3314928994406743,0.06216174969332159,0.906,0.26113450200034793,0.5790884579084663,0.12108059707911956
1456.2236816224602,2.933411718866876,4.330353857978309,0.9056666666666667,0.8021498377168743,0.5024282362212533,0.9159729428246222
129.38116665670375,5.1253999247531015,0.09598381154366006,0.9053333333333333,0.1083556976805169,0.905269133853176,0.12884058644799712
158.8505458082925,3.2349381513693016,2.2632451494253396,0.905,0.1522783028701964,0.5575516754307126,0.5575211006801251
1862.2933917683272,0.2673330642677892,0.7063650208799346,0.9046666666666667,0.9422866580430498,0.014636114935221878,0.20604933534616543
849.0451488036618,0.008756122004561898,0.8665467414292554,0.9043333333333333,0.5990544232982746,4.758914390694535E-4,0.25341365743640454
84.23052277495962,2.7823360032396867,2.4828249825233883,0.904,0.03609767118988283,0.47215599780843553,0.6581058997282225
828.7571404118515,4.81401196361827,3.0142665518697664,0.9036666666666667,0.5208922233834035,0.8661445317983842,0.7314330484333267
1836.3321613403182,5.9338074135311,7.304986325552306,0.9033333333333333,0.9315739456644652,0.9637622996256638,0.9745732900288875
101.71559213517108,5.24329426736843,0.7580538235647566,0.903,0.04680834703462011,0.9388984227557853,0.21523614323924334
841.7841623992828,4.639196753040761,0.027059098056518592,0.9026666666666667,0.5595274869475961,0.8499930341544815,0.11080471638826794
334.6816205392234,4.684300306298338,3.9162403407712745,0.9023333333333333,0.2753240354753259,0.8544877216750617,0.8500237358111109
1137.955501903093,3.9668797768902126,0.9345564079502965,0.902,0.7407102938548218,0.6879521935084387,0.3055672213689855
837.30915055634,1.6111361752361733,2.9102699655457993,0.9016666666666667,0.531725036835069,0.21428122783580927,0.7069342035531196
748.003001812604,5.13736282378265,0.008772650670936428,0.9013333333333333,0.42180862822451926,0.9257759220626387,0.10252610171566068
343.21525880677814,2.837515009046477,0.8080290957336033,0.901,0.26360627664901637,0.48479794297870327,0.2269841604545968
1098.9184323296702,1.1482247443247515,-0.008384536053737826,0.9006666666666667,0.6581299983233422,0.08446034194451468,0.0721922013873344
120.57425444366073,4.000486417792977,3.883152787356763,0.9003333333333333,0.07030716042599572,0.711382202355938,0.8451110775175206
1121.6110139549708,6.341798475125721,0.8029427777372058,0.9,0.7211476646837363,0.9726509734565054,0.22555011133019076
299.89214038774617,2.0888108662169604,2.0358833570535313,0.8996666666666667,0.2221547552049712,0.32075824751744597,0.4872694172402634
166.0798627777847,2.1261767383403525,-0.008721815360804349,0.8993333333333333,0.15862465059440223,0.35588298862379864,0.08153821108969539
1562.7900093350313,3.0622408902503624,4.267895582953128,0.899,0.8412048332148752,0.5288033144100492,0.9359924365738488
1847.7109520103968,1.0545688012882655,2.742265291101453,0.8986666666666667,0.8906202947105661,0.0727482572670024,0.6849539305874339
162.47917373991362,2.9435775788756717,0.41306328580254725,0.8983333333333333,0.15568859612400066,0.5077164482860506,0.1718092436635108
1892.2202226549707,3.983531750867175,2.769050438792534,0.898,0.9471993030415065,0.7025632892544122,0.6879520520589855
870.2759625752419,4.913060847503994,2.6827882254576396,0.8976666666666667,0.606920453735148,0.8754836481107953,0.6791019990338312
3003.9703985959477,4.367779123199563,4.512060192492637,0.8973333333333333,0.999926763611013,0.8114796118615437,0.9007827506143375
1877.3701371188247,3.932038355121003,0.24329167614371683,0.897,0.9452156069264313,0.6747383656117816,0.15322415232556663
74.56588420471004,3.7587373095321728,3.8772126262440056,0.8966666666666667,0.031175677174258176,0.6411089751700858,0.843683260305494
908.5090781445102,7.547468641108177,3.8693486514864857,0.8963333333333333,0.6161146540768403,0.9940443276290292,0.8407777082846075
825.1287152208342,0.6315876193619984,0.810105630486149,0.896,0.5243400170283623,0.03756143171796955,0.2274342350331049
330.8199065830061,3.364963390396559,3.3654962799948067,0.8956666666666667,0.2851124044155826,0.594225901006445,0.7631400855936417
941.5702775386953,2.2436660730171987,2.0590967967351697,0.8953333333333333,0.6229801875347951,0.40864767366757215,0.47405550618218406
2124.0739431466827,4.420025737725379,4.489970825006414,0.895,0.9642585198637039,0.8216727008770408,0.9037431844274315
1125.0119793201995,0.42809808003586447,2.2569596653192083,0.8946666666666667,0.7035085537863588,0.024835665877898094,0.5590385000130191
267.72726724952423,2.6282261203724095,3.9260333240708243,0.8943333333333333,0.2128251636950207,0.45115882547617225,0.8510619505822847
43.984512986804745,1.8448970788176486,0.0018616769270631177,0.894,0.017474343334098252,0.27342458285286453,0.03124525307555781
803.9812346627557,3.943793460619214,4.517449380520047,0.8936666666666667,0.5048162101816847,0.6825212252551516,0.8998280051057399
2504.9081886961876,5.998078584990164,2.0584335706859824,0.8933333333333333,0.9813485073578914,0.9657240762401542,0.515558718978282
785.7152503277862,3.3570444779504354,4.335134216512914,0.893,0.4511061587974923,0.594691592339663,0.9394478083676654
1143.261523475926,1.6196117295544692,0.8289821103388273,0.8926666666666667,0.7441272745224561,0.2250623945724779,0.23330129020987256
1854.083641022154,0.21965198632549837,3.897442767895129,0.8923333333333334,0.9414008539821981,0.01266046185862213,0.8475822791957868
684.4598312969586,2.026469891343546,4.302759475790386,0.892,0.39003314900970376,0.30272990473219474,0.9379751741770199
838.0895426190149,2.7885385186809737,0.9850078160065341,0.8916666666666667,0.5463736414181433,0.4784731507369051,0.3212235513006443
133.0441662471098,2.7504693696322695,0.876563586419111,0.8913333333333333,0.12200377471378854,0.4711258633853119,0.2641556656384745
1834.9954230381463,0.5236452187942823,1.952098426296222,0.891,0.9359992768769523,0.03124440737000489,0.4471916003044014
1684.8052764357653,4.855468905447772,0.9424442247705517,0.8906666666666667,0.8632386796891347,0.8705923829560842,0.30897726277583204
1359.455189398692,3.226179609107021,2.2971119915617924,0.8903333333333334,0.7934439832635027,0.5722220403583396,0.5805235020934694
1122.3676755115962,5.318062764563008,2.456377360823346,0.89,0.7011368678111245,0.9457569265714909,0.6562150717305437
771.2889164916281,2.1089376003077924,0.8831519203614253,0.8896666666666667,0.43934860852129276,0.34953544690695715,0.27437822272656964
1855.055429846506,3.0102615462339783,2.167315263014136,0.8893333333333333,0.8964799151165954,0.5268119415829338,0.538996028284856
339.22784548210086,4.229370035761706,1.1675100214492404,0.889,0.25680096296384924,0.7914307197950932,0.39452658706881016
88.07353071436262,1.977239331010798,2.3854086360874827,0.8886666666666667,0.03847699228585233,0.2943602784149224,0.6454955218418696
837.6785193417577,3.8979585627254645,2.5438726902354283,0.8883333333333334,0.5507385239516696,0.6723589797136578,0.6664296934465859
1440.5747498574406,4.709584325499631,2.0602847457441036,0.888,0.8143560943390762,0.8569203403546957,0.46971444247630556
1059.1685249548336,2.2214791914033567,-0.003734556768647894,0.8876666666666667,0.6493092632092115,0.4110903069444536,0.06344076038590041
1850.100699551315,1.3864854985003598,-9.578659935209474E-4,0.8873333333333333,0.9110586689082982,0.15032422707162274,0.012598157254937847
1115.1343285259425,2.2264426292108146,0.8890641076457197,0.887,0.6766533169108147,0.412035072400982,0.28219071270001783
33.41735834569299,4.464703634695635,1.5357252534009789,0.8866666666666667,0.01313993936836999,0.8290970232548636,0.4208558337690549
826.4921391464852,1.2805763179853833,1.9784943585518109,0.8863333333333333,0.5717116332328513,0.11370300210746564,0.45015190916944725
1955.804436226281,3.849174621713167,2.438822580861109,0.886,0.9535698287139007,0.6635389411497945,0.6542620469729461
138.77339248456573,2.0961290019738366,0.8781587951642386,0.8856666666666667,0.12977820805543594,0.3275938515080945,0.2665884416064568
1787.1334861334867,1.6354663548054673,3.918205084942529,0.8853333333333333,0.8798477222159502,0.2401985935540929,0.8089784312736579
1208.4493082516196,0.5170451209142864,0.31000931543141075,0.885,0.7650929801159609,0.03163470728394202,0.16256146629700652
243.68953839345616,1.5452858455499547,-0.0035898657917776593,0.8846666666666667,0.20839219537782738,0.19234013748645729,0.0643486138978786
1834.7069129347458,2.00031255165933,4.360080739360841,0.8843333333333333,0.937403753996721,0.299212691095907,0.9403938352465095
1578.6885129206562,4.333991748839813,1.0643638158379536,0.884,0.8466064290798165,0.8100532078052616,0.35888232753631866
1825.5119318350048,3.2390689701435607,2.7733910980251832,0.8836666666666667,0.9335203618758137,0.5805238745200827,0.6918203093527631
341.5811727940465,1.1766760380924528,2.0267745965037163,0.8833333333333333,0.2972671739134942,0.09218130565828009,0.4975224362219306
330.32013200377406,1.444706220328658,0.09457048046961239,0.883,0.2811843095775888,0.16746846121902115,0.13270803732561198
2386.96934524161,1.6013606809115015,-0.003318314786439745,0.8826666666666667,0.976497133447205,0.225550664128088,9.722625439123611E-4
1110.4318199218394,0.4681996071004581,6.130107125862164E-4,0.8823333333333334,0.679193744238882,0.028804129188624517,0.02538619029402711
826.0512365313803,4.763599138213167,4.233243064666752,0.882,0.5302307096715098,0.8622088239790964,0.9326042089770523
1058.6472380486814,1.4894090510386473,4.5083350658990184,0.8816666666666667,0.651820620410805,0.17820944961791452,0.8910784703598176
1161.4084355581588,7.575149726001028,1.0284130892905736,0.8813333333333333,0.7523443032557884,0.9945939791259004,0.3359252764256271
1142.2459170629363,4.5477018965196745,1.0629997518174383,0.881,0.7440367242102832,0.8392888479870311,0.3646500155340384
181.3293491203819,4.830653178043656,0.887242251468015,0.8806666666666667,0.17723297278210137,0.8690370857632821,0.28066478703255515
333.9340074428219,6.279366849689143,0.8602322595663568,0.8803333333333334,0.24995750518799653,0.9721327302121563,0.24746243242797394
146.07623920735236,2.063405127408984,2.339867775995105,0.88,0.1376518830602329,0.3734380633318135,0.6332952419161795
2844.63229257716,1.3247573773765113,3.3723523179215875,0.8796666666666667,0.9941353504997699,0.13424144306264219,0.7641248771951008
555.6740768369875,2.2708856914012303,2.7723585673354987,0.8793333333333334,0.35100870368723314,0.4198552031161451,0.6928045301018337
1268.6329940801038,4.786763393814095,1.0584626550044562,0.879,0.7822144874510573,0.8646794426627515,0.3539677338824947
333.53504702609274,2.7879016080553547,0.9090079240897972,0.8786666666666667,0.24990318619010665,0.487239333876635,0.29732742409589874
1741.3510556805952,1.91209676084631,8.726678622353401E-4,0.8783333333333334,0.8725542514972762,0.28750042176415325,0.03361732662867856
1138.311735357556,4.348293421076289,2.5486443450574146,0.878,0.7416860250488828,0.8124342795313528,0.6683533401588058
1740.8444360497208,3.0121434339900524,1.9074992451530504,0.8776666666666667,0.8725225545685336,0.539477787607751,0.44432280271518154
182.82694536020688,1.145905139189931,3.9793551768689595,0.8773333333333334,0.18056046538450143,0.08879398718993614,0.8554024411611907
1381.9684912981936,5.036712046744359,0.006665751293178873,0.877,0.8090086065692881,0.923304854263995,0.09951306357411105
114.64491514027951,2.645552521848046,3.471486178570288,0.8766666666666667,0.07168049640398322,0.46184833259801517,0.7699147250911957
2308.4008675167042,2.8922300121760918,2.243386933769338,0.8763333333333334,0.9730787545737194,0.5141176205777123,0.5609305093209056
105.69671999360102,1.1303686257382242,2.0496685278049704,0.876,0.052691648110848366,0.0869021050881349,0.5136674385633067
1120.8154475715253,5.161814442011717,3.5455980796745895E-4,0.8756666666666667,0.725549773940279,0.9399065899732826,0.04680844667153039
384.9642002555255,2.288533696726332,2.2744804262051295,0.8753333333333334,0.3144178841660088,0.42280906917315675,0.5726875639843008
2952.065810891301,3.0996215110047873,2.563119042484502,0.875,0.9980421918803342,0.560450624074684,0.6703970625131406
1175.527650065274,7.750786748741681,0.9112187450079491,0.8746666666666667,0.758784550070235,0.997454106116048,0.2987853160259395
829.5944880539439,3.7759631838002443,0.6370941576212629,0.8743333333333334,0.5917311178509121,0.6615861218750028,0.19725262505671437
1703.2681459487649,4.930183588466105,3.3532030725621227,0.874,0.8666020098649829,0.8822281720049168,0.7631703266382082
1060.2090448018475,2.063843200270077,0.23025588636615227,0.8736666666666667,0.6585877703078047,0.3578435211978137,0.15526872807683478
34.52532106641596,1.5181329888151847,0.14564988710728655,0.8733333333333333,0.013629023476288138,0.1869460426603804,0.14399925160989935
595.6428084416747,4.813476289059003,4.36030254295256,0.873,0.36863937780538447,0.8681215181863005,0.9403554412730075
1401.692011538998,5.300691675227529,4.433020930798154,0.8726666666666667,0.8158515175183578,0.947649139154163,0.8832655287041957
1538.7515824421455,3.891377964077252,2.1620622655800394,0.8723333333333334,0.840776559438023,0.685054089820609,0.5414908931065108
784.0152696549395,4.745804928363373,2.121331023965991,0.872,0.4896727188680494,0.8608342471685715,0.5326178543233862
234.87164990908957,3.900763234572591,2.3228942378583044,0.8716666666666667,0.21037602761519247,0.6878838396561089,0.6205396849707254
1023.5848256618061,2.7624913513183067,2.039586922069017,0.8713333333333333,0.6484024875907859,0.48870398948376814,0.4613823392719927
1242.4928475981912,1.4472102937045683,4.2682230617045676,0.871,0.7812447396187729,0.17187047033907232,0.9213737738210304
130.0187013594597,3.8003905724720233,2.218970635966602,0.8706666666666667,0.11958527128790464,0.6688494318319229,0.555628950869621
130.01137623548027,4.061290271996957,4.483798801191591,0.8703333333333334,0.11959383286447256,0.7699454338280967,0.8876829655426692
835.6853028564341,1.5807778851489653,1.064067745186402,0.87,0.5575135791359511,0.221156546519798,0.37688681710567384
392.30548281990525,2.0609992843611726,1.9066288553056476,0.8696666666666667,0.3188344015405611,0.3875992728137978,0.4448110723382548
1595.602015584629,2.052236449041951,0.43566331723177365,0.8693333333333334,0.8500313494187528,0.3618030558109673,0.17675308521100663
200.77524813426075,1.9326701705564737,0.3488550184737663,0.869,0.19767952985842285,0.2939407883013374,0.1683830815412637
1040.8568983281991,2.983869971624931,0.8460851527831387,0.8686666666666667,0.6566649195550114,0.5429641310668218,0.23922292260871125
47.19158489420514,4.05423072072158,2.260368221012194,0.8683333333333334,0.01894585192794418,0.7689764086435253,0.5692932162922097
827.9812107764282,1.5152793710017973,1.1041378036821234,0.868,0.5385315301958735,0.18746485722255168,0.38857466327443757
1103.527706169417,2.900168024209124,11.144684226964106,0.8676666666666667,0.7006705574362591,0.5253172272267461,0.9994768491551456
835.1871667681995,1.2794316068487745,0.037170441126648066,0.8673333333333334,0.5521721827903683,0.12398065871819464,0.11952522121106979
1598.5968802530838,5.104426234130015,-0.0015270721011729045,0.867,0.8505497601618743,0.9383806349538544,0.06777406725459434
1912.347026759685,7.845546803015937,1.1835758137370684,0.8666666666666667,0.9501518888703586,0.9989796968599809,0.39882209962799653
147.95090309948168,6.682308168902283,2.2469822029471363E-4,0.8663333333333334,0.13811025498207163,0.9799757379508074,0.04485524043927347
1473.42618783641,4.6308457629907736,3.8555416347213116,0.8660000000000001,0.8310197395609487,0.8481324838360156,0.8363211397139505
1809.5757818203629,1.2881575982184086,2.8129636262757907,0.8656666666666667,0.8911012417748041,0.12929851501696898,0.7025627369950398
1652.1535636258984,2.3541107149802003,5.9223633137253735,0.8653333333333334,0.8588136843491421,0.43303134226744966,0.9633438680792052
1245.2173840304188,3.949510386267166,2.5324104583034304,0.865,0.7865239805020263,0.7206363931832731,0.6684447135623872
274.2175256572756,3.2809019758215223,2.1990979575748884,0.8646666666666667,0.2250846987586883,0.5966066409948367,0.5522327725842073
938.9210952607431,0.10428848961070203,2.06352978845081,0.8643333333333334,0.6303360127820532,0.006800665544654416,0.5190001202566985
8.728496661599673,4.532136071229635,3.1011525043246215,0.8640000000000001,0.00341351408234436,0.8359331447088625,0.746019682559911
144.05674050096133,1.5735642149408624,0.44582936512884386,0.8636666666666667,0.13377679750714844,0.2187151386102142,0.178149228336832
27.209357998594463,3.352886846229084,2.039423163210001,0.8633333333333334,0.01073789536687153,0.6083863936461009,0.4896488240293906
499.64578088831576,4.970084456763475,0.7794738387591892,0.863,0.3499927591015868,0.9228167122343043,0.2191422200810671
780.1919932100454,1.6219246897959456,0.8830550439118995,0.8626666666666667,0.4876893704605856,0.25097092042107394,0.2767888680141273
111.18975000674669,4.1760237276079755,0.8808387803180053,0.8623333333333334,0.07655558983166832,0.7879891392276872,0.27288281684364946
801.3457908970231,4.736769027479871,2.5608924006976137,0.862,0.5180000780527778,0.860834492568848,0.6722673047079937
129.14416893811438,3.1205722421095965,7.774021947661415E-5,0.8616666666666667,0.11904359886281712,0.5726579555270563,0.04585488679624139
318.35726302744604,4.262615651487288,0.7287832857737917,0.8613333333333333,0.2411674962988839,0.799761828447169,0.20986486924873815
2498.657949419376,2.9170932892255026,2.7300675102015246,0.861,0.9809515468466075,0.5356092594694628,0.6922790686126936
397.78261554418935,1.3407647650946144,1.6855323729989945E-5,0.8606666666666667,0.3256178450105274,0.15224021666826815,0.04921952726375811
828.9611117541118,3.92920049504641,0.03481788663641295,0.8603333333333334,0.5453140502769205,0.7035697595397417,0.12002129514946369
834.2276633991554,0.8374418051236775,4.399845386483332,0.86,0.5746099432194058,0.0600454901876708,0.9115247766671337
110.20802922089084,3.9618525420932373,1.942260755293928,0.8596666666666667,0.07078785241300234,0.7450819054011364,0.4486336354658287
941.1681411182161,1.1406983972953713,4.38490765608866,0.8593333333333334,0.6342348485088485,0.09228052530545061,0.9125854295872258
1986.3500460108064,2.7714534099858983,3.520759226954025,0.859,0.9560195197305477,0.5039017269890973,0.7733940330513596
1560.9962811260496,1.7527853675498628,0.8576171366086766,0.8586666666666667,0.8451796208860964,0.27388992534841927,0.24507466920098575
990.9198221266182,5.047801359573151,2.656820120821977,0.8583333333333334,0.6513540850250301,0.9369148493022081,0.6840688931542713
2125.9716223500454,4.937781670032714,2.2870922386842754,0.8580000000000001,0.9642518005024006,0.912066564220825,0.5825074771080192
780.3010442689894,2.0456128691415114,4.4965542067361906,0.8576666666666667,0.49315189620049504,0.3705389318150729,0.9037123855293037
1033.5446047294467,3.5001050967662115,0.1421220760708822,0.8573333333333334,0.6689333854638446,0.6366226217177793,0.14644060143264315
1789.52129610875,5.099783193228446,2.107641918946211,0.857,0.925684095174504,0.9408217615605423,0.532190778820496
1131.6074554735994,1.2539253555970646,2.0328027903309054,0.8566666666666667,0.731440959956583,0.12001330703216428,0.496973445227858
1794.61692703894,0.6457741113084196,2.805510617541345E-4,0.8563333333333334,0.8914970474195811,0.04539781455360359,0.07069714018107764
1791.629282207051,2.8130419438705365,0.8698848196210095,0.8560000000000001,0.9164372265949436,0.5160467994640998,0.2552674336401599
761.6605573473321,1.7035790971478724,0.8774639508793588,0.8556666666666667,0.44822982422652147,0.2680237416816629,0.2670231773512286
89.29719449583233,1.971968468185998,0.8911415389872795,0.8553333333333334,0.04091958276209562,0.31294464786664844,0.28801951844581053
1133.649290641165,4.0707161587656016,1.0408344455709888,0.855,0.7328749624467619,0.7718756881233315,0.3603471510106291
1123.0003704400153,1.2198209570640648,4.104704275641192,0.8546666666666667,0.7226517750464305,0.10927040533037169,0.8632460691839112
627.7550083345266,4.966749428568732,3.8624426071410545,0.8543333333333334,0.39198620597351264,0.9306205943476991,0.8417305345331461
1039.8651770335496,5.3121251903637114,2.3239487185304046,0.8540000000000001,0.6756849466522856,0.9506103750070543,0.6117202699797553
1455.4106101303682,3.9246189414497685,4.2450901051703385,0.8536666666666667,0.8305237717614729,0.704577732362935,0.9242499961935597
108.5308904296007,2.909091564514916,2.2993766565751086,0.8533333333333334,0.06831589281113315,0.5394471206748543,0.5888627142429694
108.93465757765416,2.023084952251749,2.3274283691539424,0.853,0.07998122616849401,0.34224232093684503,0.6185793317353043
337.2274724911893,4.713359431242267,2.658108489965874,0.8526666666666667,0.2679929926670377,0.8598589804607184,0.6855110734779466
806.8726027972048,5.807270119863414,2.8390872423480435,0.8523333333333334,0.5263615839051581,0.9637940083146597,0.7113822199613145
333.4782873539453,2.0411882740238276,4.121304581277615,0.8520000000000001,0.28954609956426935,0.3622002485074469,0.86418454690978
110.65555208815319,2.048331619566832,0.046421214036118784,0.8516666666666667,0.09618598197877537,0.368608738880134,0.12687996973619864
790.736401454131,2.1860358330694982,2.0924653145820065,0.8513333333333334,0.5102187712062338,0.41549135889569166,0.5292838019414319
1133.5154458298443,3.891744018140648,2.3467646403874802,0.851,0.7313789043963639,0.6966728550837138,0.6356757533827688
336.2415289902585,0.7067858232629457,5.771774951163571,0.8506666666666667,0.27538493655078167,0.05123426500383399,0.9619085725630805
1152.2332739800165,2.2367627106833647,6.602692562985563,0.8503333333333334,0.7519169375532437,0.4252883325023935,0.9691718528518416
544.8325000253706,3.334640006955128,2.649193829271395,0.8500000000000001,0.3725455707294938,0.6136660546676469,0.6850540464863022
616.0609925244212,2.806729099437412,0.3772404167199887,0.8496666666666667,0.39062028810515015,0.5194339956795055,0.17284619260579115
740.4531267856075,2.020042524271677,0.8870387221250974,0.8493333333333334,0.4369146222218463,0.3451481924745574,0.2845936468601842
1613.8193708828742,4.913186354137378,-0.003117166791861161,0.849,0.8534184556980466,0.9257452543677354,0.002825147023910457
1218.9691591749463,1.5746840405021945,1.1591857013041886,0.8486666666666667,0.7914002841730683,0.23970334684434325,0.39788374598699816
736.3881755708655,0.45158343695902775,0.8430119951735731,0.8483333333333334,0.4349852790976865,0.032183747460840406,0.2372316944868016
401.296270640719,2.0593566819348985,2.1794857717921374,0.8480000000000001,0.33537507273977196,0.37303455091767135,0.5522099585368843
1936.6706306259384,2.413227026700737,3.8437567805895405,0.8476666666666667,0.9525626585111735,0.45646982356541543,0.7997688016418958
111.25590250607266,1.1667452714953315,0.385167556258073,0.8473333333333334,0.09957338061958176,0.09999300896999519,0.17375476279154434
413.0144681794609,2.661341783701963,0.004442274124589932,0.847,0.3402284712923156,0.49364695725346586,0.08439938127204161
1188.1190240359367,4.892932267036813,3.872643319626307,0.8466666666666667,0.7821913529858797,0.9232439747349028,0.8119148632614757
2064.393292792488,3.892796899046265,3.9499223911199848,0.8463333333333334,0.960871844851505,0.698686864322605,0.8530216801290329
316.538346360007,0.9022411259758395,0.7877718896608437,0.8460000000000001,0.2484914574647239,0.0688344243527843,0.2206287878612796
105.01869272813313,3.7603490149986327,2.328295880602264,0.8456666666666667,0.06002238291388973,0.679125887203688,0.6151907296944388
979.4190167282478,1.2582710099595877,8.878305341974489,0.8453333333333334,0.66401999599497,0.12935831003696951,0.9853086633665238
509.8884507926829,3.9668073677152074,0.5989000129075535,0.845,0.36757961115186344,0.7426405462866916,0.19384207782712726
180.26502921014838,3.037691818134381,0.6527864189039208,0.8446666666666667,0.1982298095442927,0.5663330367153574,0.19970228860179295
1350.724588632432,1.8566692552119566,0.9504889751265937,0.8443333333333334,0.8177671515483329,0.29878427686258613,0.3167896841235647
815.0316738987558,3.042043517260941,2.5232683780348677,0.8440000000000001,0.5389968432936467,0.5672857388785904,0.6708557645271092
917.6811670253286,2.0426398306476656,0.7164447511021811,0.8436666666666667,0.6439468894861007,0.36025551537755396,0.20796407547938678
795.1506078048761,2.396037232302973,0.7587400400064421,0.8433333333333334,0.5160774293456685,0.45936817067808855,0.2148077387526579
128.44435504417766,4.869890159864688,-0.0026832835174005597,0.8430000000000001,0.11962428007023074,0.9007829601199768,0.011675070742998894
161.1272502717857,3.0546111618853105,2.1443917803178324E-4,0.8426666666666667,0.17137456097536163,0.5698109883037599,0.052141629827452185
1095.2919476042202,1.563031409075391,0.8832652887158317,0.8423333333333334,0.7045550039118929,0.23290572954435262,0.28068860972674514
720.3560451279188,4.072801850000749,2.13958470017103,0.8420000000000001,0.4291947407211769,0.7714111519880584,0.5439323769228637
26.37075820140715,4.038098833651092,2.951067754443489,0.8416666666666667,0.01067579813578523,0.7646055452525304,0.7309135552250172
838.5439895595996,1.294090546771995,8.290738105007561,0.8413333333333334,0.5726796912781549,0.14644094671610186,0.9814331268730789
555.1439771414779,1.5718510548631077,2.828947748192368,0.841,0.3798468400706192,0.24116753814742142,0.7128468057390509
1637.5042886364117,1.5293089287779091,0.09328951547498682,0.8406666666666667,0.8578055936575206,0.20207442378538376,0.14149805540169735
1142.7690882071458,3.504068167099751,2.601850302143268E-4,0.8403333333333334,0.7386659650261933,0.6518129622739088,0.052233135103318507
338.07455817847324,3.6523786654871557,2.0414025305838894,0.8400000000000001,0.28065722285885664,0.6693671797362606,0.490656073208102
2778.5391234139815,2.052108608918166,-0.0017592546797130719,0.8396666666666667,0.9916020871545244,0.36317735330004464,0.03071793256513411
853.8199284217397,5.0279686776989845,0.5918779780554682,0.8393333333333334,0.5951113316205341,0.9408210775378072,0.1932851306083172
754.7323892734113,2.274786765253237,0.8885388573675446,0.839,0.45897131417023496,0.44579547501644434,0.2880421729523901
472.1329381589876,1.5532979056757503,2.30849285275947,0.8386666666666667,0.3632146808215606,0.22258213242046487,0.5937376390612867
338.07677636290634,1.1394927998724924,3.846694082522289,0.8383333333333334,0.2792542476466413,0.0981388702515551,0.8250907617881726
174.70785199268835,4.845837604657436,0.8833516267165249,0.8380000000000001,0.19768725825438271,0.9051762901836422,0.2817336241495554
312.5114170701667,1.6444446011534624,2.4722695010436997,0.8376666666666667,0.2514297742297664,0.2651017289527837,0.6650030570796859
399.7886315745849,2.5471393979996773,0.04484132979133429,0.8373333333333334,0.3451405297439756,0.4848207184708293,0.13026643679776062
105.7334207143339,3.9416690660072295,0.9243284129531372,0.837,0.08245384046743154,0.7186842656542005,0.30852730624743385
1141.5412451764346,0.1702784040901139,3.8587685223002848,0.8366666666666667,0.735766494884385,0.012621310024134136,0.8163939729934195
1222.3764626520374,1.1134857382403829,1.0467136591678716,0.8363333333333334,0.7993040506566325,0.09472202639041538,0.3802740828099238
1315.4650138416341,7.1156750448624,2.3239242549400623,0.8360000000000001,0.8148378187510015,0.9877567980789637,0.6034184274411283
1156.936898150737,2.0397165892643123,0.8435460925403848,0.8356666666666667,0.7748597234642478,0.3568986490821613,0.23720012948010294
345.6109394827888,3.8849594172868787,0.7928914300502117,0.8353333333333334,0.31048136084949807,0.7015861357740063,0.2215834270674688
89.18872864352669,2.936750819872716,7.438914204355298,0.8350000000000001,0.0429253337672546,0.5531868522419119,0.9755126365788291
946.5300499312791,1.5049140332952304,3.8374629043255113,0.8346666666666667,0.6645158441312535,0.19716873068383034,0.8314763428796199
817.4390863863958,0.11725662352568596,0.742227901179826,0.8343333333333334,0.5487319459655504,0.0087761151216732,0.21190079117565586
115.36570917416937,1.5437372085674126,3.050994563238902,0.8340000000000001,0.10781311337077804,0.21721870533209287,0.7421132805571462
105.05357096673582,0.1942801484808846,-0.0028530919196114385,0.8336666666666667,0.07411479999792481,0.014604740411128914,0.016046767987437205
1136.9751067021973,1.8798878130146421,3.4622121559612564,0.8333333333333334,0.7289906204933871,0.3148683044611933,0.7704346503763879
20.038638325431346,2.4098732317804656,0.5604221747652224,0.8330000000000001,0.008204710572073282,0.4716742446450344,0.19041637857117144
814.1235128097609,1.886101375460613,2.296476859373725,0.8326666666666667,0.5457945304048746,0.3168281222626783,0.5887625608340559
1680.7522774450683,3.2564055796634634,0.04221194043364661,0.8323333333333334,0.867579490112004,0.6136646329712592,0.13079371566522902
816.050960364187,2.781295391542422,2.991874182824336,0.8320000000000001,0.5487541040577582,0.5228759970266921,0.7362855600746376
1807.1550433446532,3.9638143078232613,1.0240606609362124,0.8316666666666668,0.9398683504179974,0.7353468087766173,0.36268815405852717
225.69779894620177,1.9426664881043347,0.9288377830595212,0.8313333333333334,0.22212455646563223,0.33046942791272516,0.3110297240080604
1139.3005794799178,3.2796237234621084,-0.002097572235232356,0.8310000000000001,0.7308914872481471,0.6205628830250436,0.03313738448263326
708.5090669454457,4.223248767590528,2.334594981649954,0.8306666666666667,0.42918626788257797,0.7997915807078766,0.6181507864457603
568.4435382899824,1.3847262126094089,4.530175402335818,0.8303333333333334,0.3866138799623855,0.1712830218454231,0.8930544740499005
185.52883895816862,3.9693751252912324,0.9270282726144214,0.8300000000000001,0.20692738710960712,0.7391915233000286,0.31053388305995644
158.24056844693555,2.01350120165457,6.036824833452767,0.8296666666666668,0.1708558502243862,0.34852918159268254,0.9643498590691626
863.0905840601471,1.9080854146413877,0.8406087268384945,0.8293333333333334,0.6385975675190023,0.324175223604273,0.23582776846734377
901.7762216673459,3.5367842908309486,1.4445299488218886,0.8290000000000001,0.6566719160732559,0.6620963332753573,0.4188797799306978
330.3524902666538,2.092105286980626,0.49871487897303174,0.8286666666666667,0.2694885697072327,0.37498673529697935,0.18495380392824345
345.2749585443454,4.62340775602201,1.0178720020198508,0.8283333333333334,0.31923113185113006,0.8603081413636999,0.35002465213034073
1144.8939875068625,1.5697423863634534,1.9627876857540807,0.8280000000000001,0.7528564383451946,0.24360891820852504,0.4540045164463222
103.77848007176831,3.0320376121815946,0.008238215791117349,0.8276666666666668,0.06923224560040331,0.5736868219639344,0.08299554061167358
2313.7995689062172,2.1738939464630462,1.0194844708615558,0.8273333333333334,0.9730408017051018,0.4423094865115995,0.3539908333306274
345.4312361462818,2.1483922759626495,2.6580371019622495,0.8270000000000001,0.3011956207833335,0.4340166639456855,0.6917896582674146
847.3780491437473,3.9906048217313135,2.339456042848121,0.8266666666666667,0.5843689443478317,0.7503846616146361,0.6268483985384052
849.1816389431244,4.7946209704675,3.095856165401104,0.8263333333333334,0.5868398010288676,0.9071831594951425,0.7460814860883787
839.3097112916081,1.456536487904968,0.723474124320958,0.8260000000000001,0.5755863190223269,0.18892878882142083,0.2089711726142598
1702.9629960157843,2.71153288830361,2.3346194412920043,0.8256666666666667,0.8763685770527314,0.5126211831162653,0.6137337648849113
850.8938393900776,4.325422262862665,1.1873352239981698,0.8253333333333334,0.6361944834543878,0.8202384610166644,0.40181282747866476
2384.2691954422694,1.0744161073824539,3.0344205737439123,0.8250000000000001,0.9760612520316627,0.09266865792336221,0.7407096478655233
270.0106716982208,2.7180323789530614,2.373662722356709,0.8246666666666667,0.24068769963943248,0.5140871729440926,0.64784460980988
866.6363781721957,2.121174285588051,0.9838801002918771,0.8243333333333334,0.6488829122090867,0.3950147960706054,0.33241604152011606
1606.3355392145197,6.241755392629321,2.6150697431425733,0.8240000000000001,0.8549366249378636,0.9735670293015244,0.6869463036984615
818.3250952642019,3.867462286981399,2.236873974409113,0.8236666666666667,0.5570241449044595,0.7045470366229598,0.572657957327136
859.8433738312523,0.5924297633083523,2.180882626595459,0.8233333333333334,0.6468764174979069,0.047258388420923,0.5594654762778977
182.1519733840388,4.785374740616276,1.79054854588997,0.8230000000000001,0.20790330584331151,0.919916367971795,0.43990554365795287
363.21456012740003,2.145182594007249,4.3589199986322225,0.8226666666666667,0.34514910348217454,0.4423773133831508,0.9149659366678298
424.6769059000562,0.08027051299039573,-7.79886609520749E-4,0.8223333333333334,0.3622913581280145,0.006342951351747672,0.04628212335497395
1137.5661152554896,4.7758915582370625,4.18470618416951,0.8220000000000001,0.7669859428721757,0.9129897704800396,0.8676320762634708
1781.2242045814367,2.098037983724896,0.35880364442523305,0.8216666666666668,0.9370061581786469,0.3763611909657285,0.17330362846188918
1973.1343474697499,4.1837639034796315,2.34404463621111,0.8213333333333334,0.9554615466188454,0.8006841227076682,0.632227964956521
156.077581794216,4.8532452893306885,0.21254872662718216,0.8210000000000001,0.17968194417677985,0.9330399718530029,0.16008198150767683
819.0631109280164,2.2819247976884807,2.763197024072787,0.8206666666666667,0.5595039134196143,0.46577659959629747,0.7079041174818463
1694.6861103750612,3.126428896485155,2.0466973911105675,0.8203333333333334,0.8768875372370188,0.5981315663761284,0.48430957249979745
800.6303751998333,0.5323843429388901,3.4908256851183337,0.8200000000000001,0.5355702094863055,0.04292527697357418,0.7723636956915492
263.1447414581393,2.7311417366703985,1.2335894244068042,0.8196666666666668,0.24071815732038493,0.5184501579895073,0.40571898167281994
1421.6096327599048,3.407595215707597,2.7058530174580886,0.8193333333333334,0.8310187834702638,0.6518129520143954,0.7001524992032699
71.68977546554898,2.697716132531745,-0.0034138637071044154,0.8190000000000001,0.03316788530806192,0.5131179680428088,0.02144056193286903
738.3505288945942,2.8249129289510915,0.4080732708327193,0.8186666666666667,0.462847020315337,0.5380738211814904,0.17766870723410544
629.3934064635234,5.69851563163365,0.9870443420291224,0.8183333333333334,0.40370508690764906,0.9633438462866231,0.33537528203268874
1891.5076027543205,2.1135099945305322,0.6982253188347425,0.8180000000000001,0.9496326508020476,0.393000759713392,0.20549319218660722
111.61274065455655,3.2043128990433307,7.247984898683537,0.8176666666666668,0.10497490108121288,0.6185487041147781,0.9741077425393447
104.79675311499689,0.5437890126623492,2.38796231896457,0.8173333333333334,0.09221175530404113,0.0443364822648209,0.6528189932207678
1707.3444664139106,1.5487203409750236,0.6060802791098759,0.8170000000000001,0.8862248976062608,0.23281333560337747,0.19521632496003782
935.3868699717915,1.0599123122983038,0.6440226547906851,0.8166666666666667,0.6708013567303519,0.09325601830337371,0.1991139913541664
1542.2027610478158,2.1110874714183545,3.8375497512249925,0.8163333333333334,0.846635963592546,0.4418822018494699,0.8070545446397606
155.2678684746043,2.133571271390493,0.5107319361675627,0.8160000000000001,0.17228918617912492,0.44816810514863703,0.18651134354616516
871.435804407032,2.035435955068995,2.306819760063586,0.8156666666666668,0.6566334532040552,0.3549443836483286,0.5927308991542097
156.05440403443853,4.003097534637327,10.984483773928016,0.8153333333333334,0.15767893475456463,0.759173741203724,0.9984925470702215
346.47245245858926,1.3218159931057636,2.149012492665097,0.8150000000000001,0.3060789312226315,0.16154798763944034,0.5541033648649156
63.87987005313339,1.6323348443964647,11.148311792430441,0.8146666666666667,0.02919303279166474,0.27678110447176296,0.9994985228298809
816.7461254047581,1.3639919687200424,4.514908113991114,0.8143333333333334,0.5614273646014749,0.17235776014245552,0.9027360854830602
744.7779772414133,4.438435560169154,3.2085800113250937,0.8140000000000001,0.46971351374374737,0.8471012608785569,0.7543280016068026
1243.6498717675033,2.779046037695797,2.321626391330261,0.8136666666666668,0.8095583092726861,0.5312443726735034,0.5985661388567023
93.99711853963149,4.320517554590329,0.7019220397890455,0.8133333333333334,0.05119528532375184,0.8315307702272543,0.20598919251416414
681.1234412532257,0.10569292514011834,4.340956798597065,0.8130000000000001,0.4272111767409119,0.008714717121101279,0.9164371896823811
85.13287937436729,3.1128555693908195,2.4104745298486905,0.8126666666666666,0.04287268988040682,0.603968822620051,0.6586783495114896
334.96518653231874,1.045491416662113,2.3135855600753623,0.8123333333333334,0.3236647200531737,0.0927004228448971,0.5951101031524371
801.5983736498819,2.078363504430346,6.431495299125119,0.812,0.54683918476394,0.42085476173296854,0.9677374386769553
777.1378118481173,0.5270407524803502,0.142771731912509,0.8116666666666668,0.49212093876421226,0.0439408915986077,0.15370470239035217
1635.9109118914175,2.3451627883099087,0.05979291179302951,0.8113333333333334,0.864672817847892,0.4764971436904484,0.1410694206298897
126.68551132266386,4.730074225856511,2.3150364059491584,0.811,0.12057050300987382,0.8964787135472785,0.5956069895976406
1131.570010598452,4.221789087356235,1.7078878914597606,0.8106666666666666,0.7806647071144754,0.8193302530336646,0.4354727873959128
726.3894704489322,0.5126962502492906,1.0127945281088875,0.8103333333333333,0.460833637740351,0.04296405260743685,0.36709133436902697
1709.1175299549957,1.140497172807329,3.760553675637175,0.81,0.9183523172653252,0.1082945693836177,0.7934145408234023
258.2418832949582,3.853987762642908,2.358121553056622,0.8096666666666668,0.2440360607460117,0.7133131819622882,0.6435188832975294
111.88858568412005,1.2581018545375813,2.302412787520669,0.8093333333333333,0.10589072900317409,0.1434817031795459,0.5912649691418046
15.766290900276639,3.084782897646511,2.0279707024486786,0.809,0.006823755127289832,0.6020156854002325,0.4696903555282719
345.96302386720106,2.698535122665379,3.8245480578146016,0.8086666666666668,0.308061773104245,0.519038674619092,0.8227190262237818
1667.4693685027564,6.5086079573872455,0.015650111351950494,0.8083333333333333,0.8759107723853632,0.9785024876112018,0.1268797139170581
1677.1266854868434,4.777657004068514,0.6439254190836513,0.808,0.8803350072633114,0.9286758555006707,0.19921418648793132
776.2215408094576,7.7778389786377,0.1742114833190136,0.8076666666666668,0.49208293371207557,0.9980413860783528,0.1576481850713618
1172.314482366782,4.7283807845358625,2.03848479366069,0.8073333333333333,0.7982960623766369,0.913530451921851,0.5038704791050013
792.2807717321817,2.7825413415114855,0.8576233405842848,0.807,0.5136663339100294,0.5375017856332194,0.24553154217882645
345.0578776018475,6.1597265864989525,2.2457889455609608,0.8066666666666668,0.3480778402361371,0.972582290920383,0.5771431023144353
1698.488952140268,3.8306157802917964,0.0118438136995647,0.8063333333333333,0.9116090285507621,0.7118714396474861,0.08055404209620765
1155.7905241495037,4.127992960028807,4.1749646636262145,0.806,0.7943374873835647,0.8080998601901197,0.867152294304824
257.01481882949724,2.080020351766807,4.24412704569617,0.8056666666666668,0.24556943989962177,0.405207077363239,0.9320633679269701
344.4997267571233,3.7252586368018834,0.02997175249789954,0.8053333333333333,0.30757462825282134,0.6961931734919988,0.13466949729448774
262.5546855289243,4.344155916760538,2.272583219265268,0.805,0.2480413547822531,0.8427601197142951,0.5834304449693151
794.4239537012274,1.3444962349810725,3.8384615342114534,0.8046666666666666,0.5390503995139777,0.17129079201184672,0.8412957035942956
4.387883951765273,0.011323931304944235,0.8029691581942688,0.8043333333333333,0.001918008907454194,9.710790803412195E-4,0.22353599394349533
329.35229770392084,3.028802251824439,-0.0038875883580898555,0.804,0.3314699452929677,0.5955994585317663,0.029741571807806677
127.8115106105511,1.290055368050296,0.5399119608665348,0.8036666666666668,0.12246156744714276,0.1556645939629422,0.18944758805762274
458.8000626891237,3.065697183228788,0.8759044236337351,0.8033333333333333,0.37489616029681083,0.6039373697299151,0.27775783807882437
656.5478938508757,1.7946457349709797,0.006317237759103992,0.803,0.423814989930986,0.31923111888567735,0.11857833820525521
299.23197824415973,1.4054873618623211,2.3238529502391736,0.8026666666666666,0.2645525836175193,0.18934956776209377,0.5986195181090599
340.07968721766014,2.072192079172149,0.7233212837032936,0.8023333333333333,0.31099999117069643,0.44084485164923715,0.20891863338818317
120.06600241999502,1.3611481221010808,2.0488153738170958,0.802,0.11522961078072291,0.17724138391184496,0.5218691222154819
836.7314315540202,4.802957181188383,0.011070794382030366,0.8016666666666667,0.6059527148534924,0.9330625737561327,0.07558760715813495
695.3000097772597,3.1273360572586766,0.8565257321769423,0.8013333333333333,0.4491533005367654,0.6176333338055398,0.2450133100198375
678.2075769710061,1.5876742518403792,1.9764370341962845,0.801,0.43889910884052363,0.2646355541511669,0.45985629534691363
790.8694768713665,4.018667219234855,0.011624307783453575,0.8006666666666666,0.5150406885074155,0.7835952861919597,0.07662394869140665
1135.139501071598,4.728849000912554,2.359319227531319,0.8003333333333333,0.7885076230428758,0.9228472196819486,0.6454719669133309
